Tempo_ms;ADC_Bruto;Forca_kg
187497;2487;0,10
187498;2492;0,22
187499;2491;0,20
187500;2494;0,27
187501;2487;0,10
187502;2496;0,32
187503;2489;0,15
187504;2493;0,25
187505;2493;0,25
187506;2493;0,25
187507;2487;0,10
187508;2501;0,45
187509;2487;0,10
187510;2495;0,30
187511;2491;0,20
187512;2487;0,10
187513;2491;0,20
187514;2482;0,00
187515;2494;0,27
187516;2493;0,25
187517;2487;0,10
187518;2489;0,15
187519;2495;0,30
187520;2490;0,17
187521;2487;0,10
187522;2496;0,32
187523;2497;0,35
187524;2494;0,27
187525;2491;0,20
187526;2487;0,10
187527;2492;0,22
187528;2485;0,05
187529;2489;0,15
187530;2496;0,32
187531;2490;0,17
187532;2493;0,25
187533;2493;0,25
187534;2497;0,35
187535;2486;0,07
187536;2494;0,27
187537;2490;0,17
187538;2490;0,17
187539;2487;0,10
187540;2493;0,25
187541;2493;0,25
187542;2496;0,32
187543;2493;0,25
187544;2491;0,20
187545;2487;0,10
187546;2487;0,10
187547;2491;0,20
187548;2496;0,32
187549;2488;0,12
187550;2494;0,27
187551;2494;0,27
187552;2492;0,22
187553;2495;0,30
187554;2486;0,07
187555;2490;0,17
187556;2489;0,15
187557;2492;0,22
187558;2496;0,32
187559;2492;0,22
187560;2495;0,30
187561;2493;0,25
187562;2487;0,10
187563;2496;0,32
187564;2491;0,20
187565;2494;0,27
187566;2493;0,25
187567;2498;0,37
187568;2497;0,35
187569;2496;0,32
187570;2495;0,30
187571;2491;0,20
187572;2492;0,22
187573;2496;0,32
187574;2492;0,22
187575;2487;0,10
187576;2492;0,22
187577;2485;0,05
187578;2494;0,27
187579;2495;0,30
187580;2491;0,20
187581;2496;0,32
187582;2494;0,27
187583;2488;0,12
187584;2495;0,30
187585;2491;0,20
187586;2499;0,40
187587;2498;0,37
187588;2494;0,27
187589;2491;0,20
187590;2487;0,10
187591;2499;0,40
187592;2496;0,32
187593;2496;0,32
187594;2497;0,35
187595;2496;0,32
187596;2496;0,32
187597;2497;0,35
187598;2496;0,32
187599;2499;0,40
187600;2497;0,35
187601;2501;0,45
187602;2496;0,32
187603;2494;0,27
187604;2495;0,30
187605;2496;0,32
187606;2495;0,30
187607;2496;0,32
187608;2496;0,32
187609;2495;0,30
187610;2493;0,25
187611;2498;0,37
187612;2496;0,32
187613;2496;0,32
187614;2495;0,30
187615;2496;0,32
187616;2495;0,30
187617;2496;0,32
187618;2499;0,40
187619;2500;0,43
187620;2495;0,30
187621;2498;0,37
187622;2502;0,48
187623;2497;0,35
187624;2495;0,30
187625;2496;0,32
187626;2503;0,50
187627;2499;0,40
187628;2501;0,45
187629;2510;0,68
187630;2497;0,35
187631;2500;0,43
187632;2502;0,48
187633;2496;0,32
187634;2497;0,35
187635;2497;0,35
187636;2498;0,37
187637;2501;0,45
187638;2502;0,48
187639;2498;0,37
187640;2497;0,35
187641;2499;0,40
187642;2501;0,45
187643;2506;0,58
187644;2501;0,45
187645;2497;0,35
187646;2506;0,58
187647;2511;0,70
187648;2505;0,55
187649;2501;0,45
187650;2500;0,43
187651;2502;0,48
187652;2507;0,60
187653;2506;0,58
187654;2506;0,58
187655;2512;0,73
187656;2502;0,48
187657;2506;0,58
187658;2502;0,48
187659;2507;0,60
187660;2507;0,60
187661;2507;0,60
187662;2506;0,58
187663;2502;0,48
187664;2502;0,48
187665;2509;0,65
187666;2510;0,68
187667;2511;0,70
187668;2508;0,63
187669;2510;0,68
187670;2512;0,73
187671;2509;0,65
187672;2500;0,43
187673;2509;0,65
187674;2510;0,68
187675;2513;0,75
187676;2510;0,68
187677;2508;0,63
187678;2506;0,58
187679;2511;0,70
187680;2506;0,58
187681;2506;0,58
187682;2507;0,60
187683;2512;0,73
187684;2512;0,73
187685;2515;0,80
187686;2512;0,73
187687;2513;0,75
187688;2512;0,73
187689;2513;0,75
187690;2512;0,73
187691;2507;0,60
187692;2512;0,73
187693;2511;0,70
187694;2512;0,73
187695;2512;0,73
187696;2512;0,73
187697;2512;0,73
187698;2512;0,73
187699;2513;0,75
187700;2519;0,91
187701;2511;0,70
187702;2511;0,70
187703;2512;0,73
187704;2511;0,70
187705;2512;0,73
187706;2514;0,78
187707;2512;0,73
187708;2513;0,75
187709;2517;0,86
187710;2518;0,88
187711;2513;0,75
187712;2521;0,96
187713;2514;0,78
187714;2514;0,78
187715;2515;0,80
187716;2517;0,86
187717;2514;0,78
187718;2512;0,73
187719;2519;0,91
187720;2515;0,80
187721;2513;0,75
187722;2515;0,80
187723;2517;0,86
187724;2521;0,96
187725;2523;1,01
187726;2522;0,98
187727;2521;0,96
187728;2521;0,96
187729;2521;0,96
187730;2517;0,86
187731;2518;0,88
187732;2519;0,91
187733;2518;0,88
187734;2519;0,91
187735;2527;1,11
187736;2523;1,01
187737;2518;0,88
187738;2526;1,08
187739;2522;0,98
187740;2523;1,01
187741;2522;0,98
187742;2519;0,91
187743;2519;0,91
187744;2521;0,96
187745;2525;1,06
187746;2522;0,98
187747;2521;0,96
187748;2523;1,01
187749;2528;1,13
187750;2519;0,91
187751;2523;1,01
187752;2525;1,06
187753;2525;1,06
187754;2527;1,11
187755;2523;1,01
187756;2525;1,06
187757;2529;1,16
187758;2532;1,23
187759;2533;1,26
187760;2534;1,29
187761;2528;1,13
187762;2542;1,49
187763;2529;1,16
187764;2529;1,16
187765;2531;1,21
187766;2534;1,29
187767;2534;1,29
187768;2535;1,31
187769;2534;1,29
187770;2538;1,39
187771;2535;1,31
187772;2535;1,31
187773;2529;1,16
187774;2535;1,31
187775;2537;1,36
187776;2543;1,51
187777;2538;1,39
187778;2538;1,39
187779;2539;1,41
187780;2539;1,41
187781;2543;1,51
187782;2543;1,51
187783;2544;1,54
187784;2541;1,46
187785;2544;1,54
187786;2539;1,41
187787;2544;1,54
187788;2544;1,54
187789;2550;1,69
187790;2553;1,77
187791;2544;1,54
187792;2546;1,59
187793;2547;1,61
187794;2547;1,61
187795;2544;1,54
187796;2551;1,72
187797;2550;1,69
187798;2551;1,72
187799;2549;1,66
187800;2559;1,92
187801;2554;1,79
187802;2553;1,77
187803;2559;1,92
187804;2559;1,92
187805;2559;1,92
187806;2551;1,72
187807;2559;1,92
187808;2559;1,92
187809;2559;1,92
187810;2559;1,92
187811;2559;1,92
187812;2559;1,92
187813;2559;1,92
187814;2559;1,92
187815;2559;1,92
187816;2559;1,92
187817;2559;1,92
187818;2559;1,92
187819;2559;1,92
187820;2559;1,92
187821;2559;1,92
187822;2559;1,92
187823;2559;1,92
187824;2559;1,92
187825;2559;1,92
187826;2559;1,92
187827;2559;1,92
187828;2559;1,92
187829;2559;1,92
187830;2559;1,92
187831;2559;1,92
187832;2586;2,60
187833;2559;1,92
187834;2559;1,92
187835;2583;2,53
187836;2594;2,80
187837;2580;2,45
187838;2583;2,53
187839;2589;2,68
187840;2591;2,73
187841;2588;2,65
187842;2591;2,73
187843;2597;2,88
187844;2591;2,73
187845;2599;2,93
187846;2595;2,83
187847;2590;2,70
187848;2598;2,90
187849;2595;2,83
187850;2606;3,11
187851;2603;3,03
187852;2606;3,11
187853;2602;3,01
187854;2608;3,16
187855;2608;3,16
187856;2607;3,13
187857;2603;3,03
187858;2613;3,28
187859;2611;3,23
187860;2608;3,16
187861;2609;3,18
187862;2618;3,41
187863;2619;3,44
187864;2623;3,54
187865;2623;3,54
187866;2615;3,34
187867;2624;3,56
187868;2618;3,41
187869;2622;3,51
187870;2623;3,54
187871;2629;3,69
187872;2639;3,94
187873;2626;3,61
187874;2624;3,56
187875;2626;3,61
187876;2637;3,89
187877;2635;3,84
187878;2636;3,87
187879;2639;3,94
187880;2637;3,89
187881;2640;3,97
187882;2640;3,97
187883;2638;3,92
187884;2650;4,22
187885;2640;3,97
187886;2653;4,30
187887;2645;4,09
187888;2640;3,97
187889;2641;3,99
187890;2650;4,22
187891;2650;4,22
187892;2654;4,32
187893;2650;4,22
187894;2657;4,40
187895;2655;4,35
187896;2666;4,63
187897;2653;4,30
187898;2656;4,37
187899;2661;4,50
187900;2661;4,50
187901;2656;4,37
187902;2667;4,65
187903;2672;4,78
187904;2668;4,68
187905;2658;4,42
187906;2663;4,55
187907;2661;4,50
187908;2672;4,78
187909;2668;4,68
187910;2673;4,80
187911;2672;4,78
187912;2667;4,65
187913;2669;4,70
187914;2672;4,78
187915;2672;4,78
187916;2668;4,68
187917;2669;4,70
187918;2667;4,65
187919;2670;4,73
187920;2671;4,75
187921;2669;4,70
187922;2663;4,55
187923;2671;4,75
187924;2662;4,52
187925;2675;4,85
187926;2672;4,78
187927;2666;4,63
187928;2670;4,73
187929;2666;4,63
187930;2665;4,60
187931;2672;4,78
187932;2666;4,63
187933;2663;4,55
187934;2666;4,63
187935;2672;4,78
187936;2659;4,45
187937;2667;4,65
187938;2660;4,47
187939;2670;4,73
187940;2663;4,55
187941;2669;4,70
187942;2669;4,70
187943;2669;4,70
187944;2669;4,70
187945;2669;4,70
187946;2667;4,65
187947;2662;4,52
187948;2663;4,55
187949;2672;4,78
187950;2667;4,65
187951;2666;4,63
187952;2672;4,78
187953;2655;4,35
187954;2662;4,52
187955;2666;4,63
187956;2669;4,70
187957;2662;4,52
187958;2669;4,70
187959;2665;4,60
187960;2672;4,78
187961;2665;4,60
187962;2666;4,63
187963;2671;4,75
187964;2661;4,50
187965;2667;4,65
187966;2662;4,52
187967;2668;4,68
187968;2661;4,50
187969;2657;4,40
187970;2649;4,20
187971;2656;4,37
187972;2651;4,25
187973;2662;4,52
187974;2666;4,63
187975;2666;4,63
187976;2656;4,37
187977;2651;4,25
187978;2662;4,52
187979;2665;4,60
187980;2663;4,55
187981;2662;4,52
187982;2671;4,75
187983;2661;4,50
187984;2659;4,45
187985;2666;4,63
187986;2666;4,63
187987;2671;4,75
187988;2669;4,70
187989;2657;4,40
187990;2658;4,42
187991;2672;4,78
187992;2667;4,65
187993;2645;4,09
187994;2658;4,42
187995;2711;5,76
187996;2690;5,23
187997;2622;3,51
187998;2668;4,68
187999;2727;6,17
188000;2675;4,85
188001;2623;3,54
188002;2671;4,75
188003;2734;6,35
188004;2650;4,22
188005;2614;3,31
188006;2688;5,18
188007;2735;6,37
188008;2641;3,99
188009;2631;3,74
188010;2709;5,71
188011;2718;5,94
188012;2640;3,97
188013;2637;3,89
188014;2705;5,61
188015;2713;5,81
188016;2653;4,30
188017;2645;4,09
188018;2702;5,54
188019;2703;5,56
188020;2658;4,42
188021;2665;4,60
188022;2685;5,11
188023;2689;5,21
188024;2688;5,18
188025;2673;4,80
188026;2672;4,78
188027;2690;5,23
188028;2704;5,59
188029;2672;4,78
188030;2663;4,55
188031;2705;5,61
188032;2716;5,89
188033;2659;4,45
188034;2655;4,35
188035;2710;5,74
188036;2725;6,12
188037;2661;4,50
188038;2662;4,52
188039;2710;5,74
188040;2703;5,56
188041;2670;4,73
188042;2683;5,06
188043;2704;5,59
188044;2686;5,13
188045;2679;4,95
188046;2689;5,21
188047;2688;5,18
188048;2679;4,95
188049;2687;5,16
188050;2677;4,90
188051;2687;5,16
188052;2679;4,95
188053;2683;5,06
188054;2681;5,01
188055;2672;4,78
188056;2677;4,90
188057;2688;5,18
188058;2679;4,95
188059;2667;4,65
188060;2677;4,90
188061;2682;5,03
188062;2669;4,70
188063;2663;4,55
188064;2672;4,78
188065;2673;4,80
188066;2672;4,78
188067;2659;4,45
188068;2672;4,78
188069;2677;4,90
188070;2671;4,75
188071;2665;4,60
188072;2665;4,60
188073;2673;4,80
188074;2670;4,73
188075;2660;4,47
188076;2662;4,52
188077;2670;4,73
188078;2685;5,11
188079;2662;4,52
188080;2656;4,37
188081;2659;4,45
188082;2667;4,65
188083;2671;4,75
188084;2668;4,68
188085;2659;4,45
188086;2671;4,75
188087;2663;4,55
188088;2667;4,65
188089;2670;4,73
188090;2667;4,65
188091;2662;4,52
188092;2665;4,60
188093;2671;4,75
188094;2656;4,37
188095;2661;4,50
188096;2666;4,63
188097;2666;4,63
188098;2656;4,37
188099;2670;4,73
188100;2671;4,75
188101;2659;4,45
188102;2663;4,55
188103;2659;4,45
188104;2663;4,55
188105;2671;4,75
188106;2657;4,40
188107;2669;4,70
188108;2666;4,63
188109;2673;4,80
188110;2669;4,70
188111;2672;4,78
188112;2669;4,70
188113;2662;4,52
188114;2655;4,35
188115;2675;4,85
188116;2688;5,18
188117;2672;4,78
188118;2668;4,68
188119;2666;4,63
188120;2665;4,60
188121;2669;4,70
188122;2683;5,06
188123;2681;5,01
188124;2661;4,50
188125;2670;4,73
188126;2673;4,80
188127;2686;5,13
188128;2685;5,11
188129;2661;4,50
188130;2662;4,52
188131;2670;4,73
188132;2685;5,11
188133;2679;4,95
188134;2669;4,70
188135;2662;4,52
188136;2672;4,78
188137;2689;5,21
188138;2691;5,26
188139;2672;4,78
188140;2669;4,70
188141;2671;4,75
188142;2686;5,13
188143;2687;5,16
188144;2678;4,93
188145;2663;4,55
188146;2673;4,80
188147;2689;5,21
188148;2683;5,06
188149;2671;4,75
188150;2682;5,03
188151;2688;5,18
188152;2682;5,03
188153;2679;4,95
188154;2679;4,95
188155;2674;4,83
188156;2688;5,18
188157;2682;5,03
188158;2676;4,88
188159;2677;4,90
188160;2683;5,06
188161;2682;5,03
188162;2677;4,90
188163;2682;5,03
188164;2679;4,95
188165;2688;5,18
188166;2685;5,11
188167;2683;5,06
188168;2679;4,95
188169;2682;5,03
188170;2682;5,03
188171;2678;4,93
188172;2687;5,16
188173;2674;4,83
188174;2688;5,18
188175;2675;4,85
188176;2675;4,85
188177;2675;4,85
188178;2679;4,95
188179;2677;4,90
188180;2672;4,78
188181;2678;4,93
188182;2682;5,03
188183;2678;4,93
188184;2677;4,90
188185;2672;4,78
188186;2678;4,93
188187;2678;4,93
188188;2682;5,03
188189;2668;4,68
188190;2677;4,90
188191;2673;4,80
188192;2674;4,83
188193;2677;4,90
188194;2675;4,85
188195;2677;4,90
188196;2673;4,80
188197;2672;4,78
188198;2677;4,90
188199;2682;5,03
188200;2675;4,85
188201;2675;4,85
188202;2673;4,80
188203;2674;4,83
188204;2677;4,90
188205;2674;4,83
188206;2676;4,88
188207;2672;4,78
188208;2672;4,78
188209;2674;4,83
188210;2672;4,78
188211;2682;5,03
188212;2677;4,90
188213;2675;4,85
188214;2683;5,06
188215;2684;5,08
188216;2672;4,78
188217;2684;5,08
188218;2679;4,95
188219;2684;5,08
188220;2679;4,95
188221;2681;5,01
188222;2693;5,31
188223;2688;5,18
188224;2683;5,06
188225;2678;4,93
188226;2678;4,93
188227;2675;4,85
188228;2684;5,08
188229;2685;5,11
188230;2687;5,16
188231;2691;5,26
188232;2682;5,03
188233;2693;5,31
188234;2692;5,28
188235;2703;5,56
188236;2690;5,23
188237;2695;5,36
188238;2690;5,23
188239;2688;5,18
188240;2691;5,26
188241;2696;5,38
188242;2694;5,33
188243;2694;5,33
188244;2703;5,56
188245;2699;5,46
188246;2699;5,46
188247;2697;5,41
188248;2698;5,44
188249;2704;5,59
188250;2705;5,61
188251;2713;5,81
188252;2704;5,59
188253;2701;5,51
188254;2699;5,46
188255;2695;5,36
188256;2691;5,26
188257;2702;5,54
188258;2716;5,89
188259;2709;5,71
188260;2704;5,59
188261;2702;5,54
188262;2702;5,54
188263;2702;5,54
188264;2704;5,59
188265;2702;5,54
188266;2704;5,59
188267;2702;5,54
188268;2704;5,59
188269;2704;5,59
188270;2704;5,59
188271;2695;5,36
188272;2704;5,59
188273;2701;5,51
188274;2709;5,71
188275;2701;5,51
188276;2702;5,54
188277;2704;5,59
188278;2698;5,44
188279;2693;5,31
188280;2690;5,23
188281;2691;5,26
188282;2699;5,46
188283;2689;5,21
188284;2699;5,46
188285;2693;5,31
188286;2695;5,36
188287;2699;5,46
188288;2697;5,41
188289;2695;5,36
188290;2690;5,23
188291;2695;5,36
188292;2703;5,56
188293;2704;5,59
188294;2702;5,54
188295;2703;5,56
188296;2701;5,51
188297;2688;5,18
188298;2689;5,21
188299;2701;5,51
188300;2698;5,44
188301;2689;5,21
188302;2696;5,38
188303;2689;5,21
188304;2689;5,21
188305;2687;5,16
188306;2691;5,26
188307;2694;5,33
188308;2691;5,26
188309;2689;5,21
188310;2694;5,33
188311;2687;5,16
188312;2704;5,59
188313;2692;5,28
188314;2693;5,31
188315;2685;5,11
188316;2687;5,16
188317;2694;5,33
188318;2691;5,26
188319;2682;5,03
188320;2685;5,11
188321;2683;5,06
188322;2693;5,31
188323;2689;5,21
188324;2692;5,28
188325;2692;5,28
188326;2688;5,18
188327;2681;5,01
188328;2689;5,21
188329;2688;5,18
188330;2682;5,03
188331;2681;5,01
188332;2679;4,95
188333;2690;5,23
188334;2687;5,16
188335;2683;5,06
188336;2684;5,08
188337;2688;5,18
188338;2683;5,06
188339;2681;5,01
188340;2678;4,93
188341;2673;4,80
188342;2679;4,95
188343;2675;4,85
188344;2672;4,78
188345;2677;4,90
188346;2672;4,78
188347;2673;4,80
188348;2672;4,78
188349;2675;4,85
188350;2672;4,78
188351;2665;4,60
188352;2672;4,78
188353;2670;4,73
188354;2666;4,63
188355;2669;4,70
188356;2672;4,78
188357;2672;4,78
188358;2671;4,75
188359;2669;4,70
188360;2679;4,95
188361;2661;4,50
188362;2668;4,68
188363;2660;4,47
188364;2663;4,55
188365;2667;4,65
188366;2662;4,52
188367;2657;4,40
188368;2658;4,42
188369;2667;4,65
188370;2669;4,70
188371;2651;4,25
188372;2647;4,14
188373;2656;4,37
188374;2657;4,40
188375;2657;4,40
188376;2650;4,22
188377;2643;4,04
188378;2645;4,09
188379;2640;3,97
188380;2642;4,02
188381;2645;4,09
188382;2641;3,99
188383;2635;3,84
188384;2631;3,74
188385;2639;3,94
188386;2642;4,02
188387;2639;3,94
188388;2631;3,74
188389;2635;3,84
188390;2633;3,79
188391;2630;3,71
188392;2633;3,79
188393;2624;3,56
188394;2633;3,79
188395;2630;3,71
188396;2629;3,69
188397;2625;3,59
188398;2623;3,54
188399;2624;3,56
188400;2624;3,56
188401;2625;3,59
188402;2621;3,49
188403;2624;3,56
188404;2621;3,49
188405;2619;3,44
188406;2618;3,41
188407;2623;3,54
188408;2625;3,59
188409;2619;3,44
188410;2625;3,59
188411;2612;3,26
188412;2621;3,49
188413;2613;3,28
188414;2620;3,46
188415;2624;3,56
188416;2613;3,28
188417;2613;3,28
188418;2613;3,28
188419;2609;3,18
188420;2621;3,49
188421;2618;3,41
188422;2609;3,18
188423;2608;3,16
188424;2611;3,23
188425;2607;3,13
188426;2611;3,23
188427;2607;3,13
188428;2618;3,41
188429;2613;3,28
188430;2606;3,11
188431;2613;3,28
188432;2608;3,16
188433;2608;3,16
188434;2613;3,28
188435;2607;3,13
188436;2611;3,23
188437;2607;3,13
188438;2608;3,16
188439;2608;3,16
188440;2613;3,28
188441;2608;3,16
188442;2608;3,16
188443;2608;3,16
188444;2607;3,13
188445;2599;2,93
188446;2603;3,03
188447;2606;3,11
188448;2608;3,16
188449;2608;3,16
188450;2610;3,21
188451;2608;3,16
188452;2606;3,11
188453;2608;3,16
188454;2608;3,16
188455;2603;3,03
188456;2608;3,16
188457;2609;3,18
188458;2611;3,23
188459;2607;3,13
188460;2608;3,16
188461;2608;3,16
188462;2603;3,03
188463;2603;3,03
188464;2603;3,03
188465;2608;3,16
188466;2605;3,08
188467;2599;2,93
188468;2608;3,16
188469;2602;3,01
188470;2605;3,08
188471;2606;3,11
188472;2608;3,16
188473;2606;3,11
188474;2608;3,16
188475;2603;3,03
188476;2605;3,08
188477;2603;3,03
188478;2608;3,16
188479;2602;3,01
188480;2606;3,11
188481;2608;3,16
188482;2608;3,16
188483;2607;3,13
188484;2608;3,16
188485;2606;3,11
188486;2603;3,03
188487;2603;3,03
188488;2604;3,06
188489;2608;3,16
188490;2605;3,08
188491;2607;3,13
188492;2607;3,13
188493;2603;3,03
188494;2608;3,16
188495;2608;3,16
188496;2609;3,18
188497;2608;3,16
188498;2608;3,16
188499;2605;3,08
188500;2602;3,01
188501;2603;3,03
188502;2603;3,03
188503;2603;3,03
188504;2611;3,23
188505;2605;3,08
188506;2608;3,16
188507;2606;3,11
188508;2603;3,03
188509;2609;3,18
188510;2608;3,16
188511;2611;3,23
188512;2607;3,13
188513;2607;3,13
188514;2608;3,16
188515;2613;3,28
188516;2608;3,16
188517;2608;3,16
188518;2608;3,16
188519;2605;3,08
188520;2608;3,16
188521;2605;3,08
188522;2615;3,34
188523;2609;3,18
188524;2607;3,13
188525;2608;3,16
188526;2607;3,13
188527;2605;3,08
188528;2599;2,93
188529;2602;3,01
188530;2608;3,16
188531;2602;3,01
188532;2605;3,08
188533;2605;3,08
188534;2599;2,93
188535;2602;3,01
188536;2605;3,08
188537;2601;2,98
188538;2599;2,93
188539;2601;2,98
188540;2604;3,06
188541;2591;2,73
188542;2602;3,01
188543;2597;2,88
188544;2598;2,90
188545;2595;2,83
188546;2593;2,78
188547;2598;2,90
188548;2605;3,08
188549;2602;3,01
188550;2597;2,88
188551;2592;2,75
188552;2601;2,98
188553;2599;2,93
188554;2594;2,80
188555;2590;2,70
188556;2602;3,01
188557;2598;2,90
188558;2595;2,83
188559;2595;2,83
188560;2595;2,83
188561;2603;3,03
188562;2597;2,88
188563;2591;2,73
188564;2593;2,78
188565;2598;2,90
188566;2595;2,83
188567;2598;2,90
188568;2598;2,90
188569;2595;2,83
188570;2591;2,73
188571;2598;2,90
188572;2598;2,90
188573;2597;2,88
188574;2601;2,98
188575;2598;2,90
188576;2593;2,78
188577;2600;2,96
188578;2597;2,88
188579;2594;2,80
188580;2599;2,93
188581;2594;2,80
188582;2598;2,90
188583;2595;2,83
188584;2599;2,93
188585;2592;2,75
188586;2591;2,73
188587;2594;2,80
188588;2603;3,03
188589;2595;2,83
188590;2599;2,93
188591;2606;3,11
188592;2594;2,80
188593;2592;2,75
188594;2597;2,88
188595;2597;2,88
188596;2599;2,93
188597;2595;2,83
188598;2599;2,93
188599;2591;2,73
188600;2594;2,80
188601;2595;2,83
188602;2597;2,88
188603;2591;2,73
188604;2597;2,88
188605;2595;2,83
188606;2597;2,88
188607;2597;2,88
188608;2593;2,78
188609;2593;2,78
188610;2602;3,01
188611;2590;2,70
188612;2592;2,75
188613;2594;2,80
188614;2593;2,78
188615;2603;3,03
188616;2597;2,88
188617;2595;2,83
188618;2598;2,90
188619;2592;2,75
188620;2592;2,75
188621;2592;2,75
188622;2595;2,83
188623;2595;2,83
188624;2601;2,98
188625;2596;2,85
188626;2596;2,85
188627;2590;2,70
188628;2597;2,88
188629;2592;2,75
188630;2595;2,83
188631;2593;2,78
188632;2593;2,78
188633;2595;2,83
188634;2593;2,78
188635;2593;2,78
188636;2596;2,85
188637;2595;2,83
188638;2592;2,75
188639;2592;2,75
188640;2594;2,80
188641;2597;2,88
188642;2598;2,90
188643;2594;2,80
188644;2599;2,93
188645;2594;2,80
188646;2586;2,60
188647;2592;2,75
188648;2594;2,80
188649;2589;2,68
188650;2591;2,73
188651;2591;2,73
188652;2593;2,78
188653;2592;2,75
188654;2595;2,83
188655;2595;2,83
188656;2591;2,73
188657;2592;2,75
188658;2594;2,80
188659;2593;2,78
188660;2587;2,63
188661;2591;2,73
188662;2586;2,60
188663;2595;2,83
188664;2601;2,98
188665;2591;2,73
188666;2592;2,75
188667;2589;2,68
188668;2591;2,73
188669;2591;2,73
188670;2591;2,73
188671;2589;2,68
188672;2559;1,92
188673;2592;2,75
188674;2592;2,75
188675;2595;2,83
188676;2593;2,78
188677;2587;2,63
188678;2595;2,83
188679;2586;2,60
188680;2587;2,63
188681;2587;2,63
188682;2591;2,73
188683;2589;2,68
188684;2591;2,73
188685;2583;2,53
188686;2586;2,60
188687;2593;2,78
188688;2589;2,68
188689;2583;2,53
188690;2591;2,73
188691;2595;2,83
188692;2589;2,68
188693;2599;2,93
188694;2559;1,92
188695;2589;2,68
188696;2559;1,92
188697;2588;2,65
188698;2585;2,58
188699;2583;2,53
188700;2589;2,68
188701;2591;2,73
188702;2559;1,92
188703;2591;2,73
188704;2583;2,53
188705;2589;2,68
188706;2591;2,73
188707;2590;2,70
188708;2587;2,63
188709;2592;2,75
188710;2590;2,70
188711;2585;2,58
188712;2592;2,75
188713;2587;2,63
188714;2589;2,68
188715;2587;2,63
188716;2590;2,70
188717;2587;2,63
188718;2559;1,92
188719;2581;2,47
188720;2583;2,53
188721;2593;2,78
188722;2589;2,68
188723;2559;1,92
188724;2591;2,73
188725;2582;2,50
188726;2583;2,53
188727;2588;2,65
188728;2586;2,60
188729;2587;2,63
188730;2593;2,78
188731;2587;2,63
188732;2589;2,68
188733;2586;2,60
188734;2588;2,65
188735;2587;2,63
188736;2587;2,63
188737;2590;2,70
188738;2587;2,63
188739;2587;2,63
188740;2592;2,75
188741;2583;2,53
188742;2583;2,53
188743;2581;2,47
188744;2583;2,53
188745;2590;2,70
188746;2588;2,65
188747;2582;2,50
188748;2581;2,47
188749;2587;2,63
188750;2583;2,53
188751;2583;2,53
188752;2583;2,53
188753;2589;2,68
188754;2559;1,92
188755;2593;2,78
188756;2583;2,53
188757;2582;2,50
188758;2583;2,53
188759;2581;2,47
188760;2587;2,63
188761;2559;1,92
188762;2559;1,92
188763;2589;2,68
188764;2559;1,92
188765;2559;1,92
188766;2559;1,92
188767;2587;2,63
188768;2559;1,92
188769;2559;1,92
188770;2581;2,47
188771;2559;1,92
188772;2559;1,92
188773;2559;1,92
188774;2559;1,92
188775;2581;2,47
188776;2591;2,73
188777;2559;1,92
188778;2590;2,70
188779;2559;1,92
188780;2586;2,60
188781;2559;1,92
188782;2559;1,92
188783;2559;1,92
188784;2559;1,92
188785;2559;1,92
188786;2559;1,92
188787;2559;1,92
188788;2584;2,55
188789;2581;2,47
188790;2559;1,92
188791;2559;1,92
188792;2559;1,92
188793;2583;2,53
188794;2582;2,50
188795;2559;1,92
188796;2559;1,92
188797;2586;2,60
188798;2586;2,60
188799;2587;2,63
188800;2559;1,92
188801;2559;1,92
188802;2559;1,92
188803;2559;1,92
188804;2586;2,60
188805;2559;1,92
188806;2580;2,45
188807;2559;1,92
188808;2582;2,50
188809;2559;1,92
188810;2559;1,92
188811;2559;1,92
188812;2585;2,58
188813;2579;2,42
188814;2587;2,63
188815;2587;2,63
188816;2589;2,68
188817;2587;2,63
188818;2581;2,47
188819;2588;2,65
188820;2587;2,63
188821;2589;2,68
188822;2582;2,50
188823;2587;2,63
188824;2582;2,50
188825;2582;2,50
188826;2593;2,78
188827;2585;2,58
188828;2593;2,78
188829;2592;2,75
188830;2586;2,60
188831;2594;2,80
188832;2587;2,63
188833;2586;2,60
188834;2586;2,60
188835;2594;2,80
188836;2590;2,70
188837;2590;2,70
188838;2591;2,73
188839;2587;2,63
188840;2592;2,75
188841;2591;2,73
188842;2595;2,83
188843;2582;2,50
188844;2589;2,68
188845;2585;2,58
188846;2590;2,70
188847;2591;2,73
188848;2587;2,63
188849;2587;2,63
188850;2591;2,73
188851;2589;2,68
188852;2591;2,73
188853;2581;2,47
188854;2587;2,63
188855;2590;2,70
188856;2586;2,60
188857;2586;2,60
188858;2586;2,60
188859;2559;1,92
188860;2589;2,68
188861;2559;1,92
188862;2559;1,92
188863;2587;2,63
188864;2582;2,50
188865;2587;2,63
188866;2586;2,60
188867;2582;2,50
188868;2559;1,92
188869;2583;2,53
188870;2559;1,92
188871;2559;1,92
188872;2581;2,47
188873;2559;1,92
188874;2559;1,92
188875;2559;1,92
188876;2559;1,92
188877;2583;2,53
188878;2559;1,92
188879;2559;1,92
188880;2559;1,92
188881;2559;1,92
188882;2559;1,92
188883;2559;1,92
188884;2559;1,92
188885;2559;1,92
188886;2559;1,92
188887;2559;1,92
188888;2559;1,92
188889;2559;1,92
188890;2559;1,92
188891;2559;1,92
188892;2581;2,47
188893;2559;1,92
188894;2559;1,92
188895;2559;1,92
188896;2582;2,50
188897;2559;1,92
188898;2592;2,75
188899;2580;2,45
188900;2559;1,92
188901;2585;2,58
188902;2559;1,92
188903;2559;1,92
188904;2559;1,92
188905;2559;1,92
188906;2559;1,92
188907;2583;2,53
188908;2559;1,92
188909;2559;1,92
188910;2559;1,92
188911;2559;1,92
188912;2582;2,50
188913;2559;1,92
188914;2559;1,92
188915;2559;1,92
188916;2559;1,92
188917;2559;1,92
188918;2583;2,53
188919;2559;1,92
188920;2593;2,78
188921;2582;2,50
188922;2559;1,92
188923;2581;2,47
188924;2589;2,68
188925;2559;1,92
188926;2559;1,92
188927;2589;2,68
188928;2559;1,92
188929;2583;2,53
188930;2559;1,92
188931;2559;1,92
188932;2586;2,60
188933;2559;1,92
188934;2559;1,92
188935;2583;2,53
188936;2585;2,58
188937;2585;2,58
188938;2581;2,47
188939;2559;1,92
188940;2586;2,60
188941;2590;2,70
188942;2559;1,92
188943;2591;2,73
188944;2596;2,85
188945;2585;2,58
188946;2559;1,92
188947;2581;2,47
188948;2559;1,92
188949;2592;2,75
188950;2559;1,92
188951;2559;1,92
188952;2582;2,50
188953;2584;2,55
188954;2592;2,75
188955;2559;1,92
188956;2559;1,92
188957;2559;1,92
188958;2587;2,63
188959;2586;2,60
188960;2585;2,58
188961;2594;2,80
188962;2559;1,92
188963;2586;2,60
188964;2589;2,68
188965;2559;1,92
188966;2586;2,60
188967;2559;1,92
188968;2585;2,58
188969;2559;1,92
188970;2559;1,92
188971;2559;1,92
188972;2559;1,92
188973;2582;2,50
188974;2559;1,92
188975;2559;1,92
188976;2559;1,92
188977;2559;1,92
188978;2559;1,92
188979;2559;1,92
188980;2559;1,92
188981;2559;1,92
188982;2581;2,47
188983;2584;2,55
188984;2559;1,92
188985;2559;1,92
188986;2586;2,60
188987;2559;1,92
188988;2559;1,92
188989;2582;2,50
188990;2559;1,92
188991;2559;1,92
188992;2559;1,92
188993;2559;1,92
188994;2559;1,92
188995;2559;1,92
188996;2594;2,80
188997;2581;2,47
188998;2559;1,92
188999;2589;2,68
189000;2587;2,63
189001;2583;2,53
189002;2587;2,63
189003;2582;2,50
189004;2586;2,60
189005;2583;2,53
189006;2559;1,92
189007;2585;2,58
189008;2588;2,65
189009;2590;2,70
189010;2582;2,50
189011;2583;2,53
189012;2583;2,53
189013;2590;2,70
189014;2559;1,92
189015;2597;2,88
189016;2587;2,63
189017;2593;2,78
189018;2593;2,78
189019;2594;2,80
189020;2591;2,73
189021;2588;2,65
189022;2594;2,80
189023;2585;2,58
189024;2589;2,68
189025;2587;2,63
189026;2593;2,78
189027;2587;2,63
189028;2583;2,53
189029;2583;2,53
189030;2595;2,83
189031;2590;2,70
189032;2587;2,63
189033;2587;2,63
189034;2592;2,75
189035;2583;2,53
189036;2591;2,73
189037;2587;2,63
189038;2587;2,63
189039;2598;2,90
189040;2593;2,78
189041;2593;2,78
189042;2589;2,68
189043;2594;2,80
189044;2587;2,63
189045;2597;2,88
189046;2590;2,70
189047;2590;2,70
189048;2594;2,80
189049;2591;2,73
189050;2594;2,80
189051;2591;2,73
189052;2586;2,60
189053;2585;2,58
189054;2587;2,63
189055;2583;2,53
189056;2598;2,90
189057;2588;2,65
189058;2590;2,70
189059;2587;2,63
189060;2590;2,70
189061;2587;2,63
189062;2583;2,53
189063;2591;2,73
189064;2583;2,53
189065;2559;1,92
189066;2593;2,78
189067;2583;2,53
189068;2590;2,70
189069;2559;1,92
189070;2583;2,53
189071;2581;2,47
189072;2591;2,73
189073;2588;2,65
189074;2589;2,68
189075;2591;2,73
189076;2586;2,60
189077;2589;2,68
189078;2587;2,63
189079;2586;2,60
189080;2581;2,47
189081;2592;2,75
189082;2586;2,60
189083;2597;2,88
189084;2589;2,68
189085;2587;2,63
189086;2587;2,63
189087;2589;2,68
189088;2592;2,75
189089;2592;2,75
189090;2591;2,73
189091;2589;2,68
189092;2582;2,50
189093;2587;2,63
189094;2583;2,53
189095;2594;2,80
189096;2591;2,73
189097;2594;2,80
189098;2591;2,73
189099;2593;2,78
189100;2592;2,75
189101;2597;2,88
189102;2591;2,73
189103;2590;2,70
189104;2589;2,68
189105;2592;2,75
189106;2602;3,01
189107;2594;2,80
189108;2595;2,83
189109;2594;2,80
189110;2590;2,70
189111;2599;2,93
189112;2597;2,88
189113;2594;2,80
189114;2592;2,75
189115;2595;2,83
189116;2599;2,93
189117;2590;2,70
189118;2594;2,80
189119;2591;2,73
189120;2608;3,16
189121;2597;2,88
189122;2599;2,93
189123;2595;2,83
189124;2601;2,98
189125;2594;2,80
189126;2594;2,80
189127;2594;2,80
189128;2592;2,75
189129;2591;2,73
189130;2601;2,98
189131;2603;3,03
189132;2587;2,63
189133;2593;2,78
189134;2587;2,63
189135;2587;2,63
189136;2595;2,83
189137;2587;2,63
189138;2587;2,63
189139;2587;2,63
189140;2592;2,75
189141;2589;2,68
189142;2583;2,53
189143;2595;2,83
189144;2591;2,73
189145;2587;2,63
189146;2591;2,73
189147;2589;2,68
189148;2589;2,68
189149;2589;2,68
189150;2582;2,50
189151;2594;2,80
189152;2559;1,92
189153;2592;2,75
189154;2586;2,60
189155;2559;1,92
189156;2559;1,92
189157;2581;2,47
189158;2584;2,55
189159;2585;2,58
189160;2583;2,53
189161;2559;1,92
189162;2581;2,47
189163;2559;1,92
189164;2589;2,68
189165;2581;2,47
189166;2592;2,75
189167;2581;2,47
189168;2581;2,47
189169;2582;2,50
189170;2559;1,92
189171;2587;2,63
189172;2589;2,68
189173;2584;2,55
189174;2559;1,92
189175;2586;2,60
189176;2583;2,53
189177;2587;2,63
189178;2559;1,92
189179;2591;2,73
189180;2589;2,68
189181;2559;1,92
189182;2585;2,58
189183;2559;1,92
189184;2559;1,92
189185;2590;2,70
189186;2586;2,60
189187;2559;1,92
189188;2587;2,63
189189;2585;2,58
189190;2586;2,60
189191;2586;2,60
189192;2591;2,73
189193;2589;2,68
189194;2582;2,50
189195;2591;2,73
189196;2595;2,83
189197;2589;2,68
189198;2586;2,60
189199;2590;2,70
189200;2593;2,78
189201;2589;2,68
189202;2587;2,63
189203;2593;2,78
189204;2592;2,75
189205;2588;2,65
189206;2601;2,98
189207;2593;2,78
189208;2587;2,63
189209;2593;2,78
189210;2593;2,78
189211;2598;2,90
189212;2587;2,63
189213;2599;2,93
189214;2593;2,78
189215;2583;2,53
189216;2589;2,68
189217;2597;2,88
189218;2592;2,75
189219;2592;2,75
189220;2581;2,47
189221;2595;2,83
189222;2591;2,73
189223;2593;2,78
189224;2604;3,06
189225;2591;2,73
189226;2589;2,68
189227;2589;2,68
189228;2591;2,73
189229;2591;2,73
189230;2583;2,53
189231;2585;2,58
189232;2590;2,70
189233;2583;2,53
189234;2591;2,73
189235;2585;2,58
189236;2586;2,60
189237;2582;2,50
189238;2592;2,75
189239;2586;2,60
189240;2586;2,60
189241;2595;2,83
189242;2591;2,73
189243;2594;2,80
189244;2586;2,60
189245;2592;2,75
189246;2586;2,60
189247;2583;2,53
189248;2585;2,58
189249;2591;2,73
189250;2582;2,50
189251;2583;2,53
189252;2585;2,58
189253;2559;1,92
189254;2583;2,53
189255;2587;2,63
189256;2587;2,63
189257;2586;2,60
189258;2589;2,68
189259;2583;2,53
189260;2586;2,60
189261;2588;2,65
189262;2591;2,73
189263;2586;2,60
189264;2588;2,65
189265;2559;1,92
189266;2579;2,42
189267;2583;2,53
189268;2583;2,53
189269;2559;1,92
189270;2592;2,75
189271;2589;2,68
189272;2586;2,60
189273;2589;2,68
189274;2590;2,70
189275;2588;2,65
189276;2583;2,53
189277;2590;2,70
189278;2593;2,78
189279;2589;2,68
189280;2593;2,78
189281;2589;2,68
189282;2587;2,63
189283;2585;2,58
189284;2585;2,58
189285;2591;2,73
189286;2599;2,93
189287;2593;2,78
189288;2593;2,78
189289;2591;2,73
189290;2599;2,93
189291;2597;2,88
189292;2589;2,68
189293;2592;2,75
189294;2599;2,93
189295;2597;2,88
189296;2592;2,75
189297;2600;2,96
189298;2598;2,90
189299;2599;2,93
189300;2593;2,78
189301;2596;2,85
189302;2595;2,83
189303;2596;2,85
189304;2599;2,93
189305;2595;2,83
189306;2595;2,83
189307;2594;2,80
189308;2597;2,88
189309;2603;3,03
189310;2594;2,80
189311;2594;2,80
189312;2601;2,98
189313;2597;2,88
189314;2603;3,03
189315;2599;2,93
189316;2606;3,11
189317;2601;2,98
189318;2603;3,03
189319;2601;2,98
189320;2591;2,73
189321;2603;3,03
189322;2593;2,78
189323;2596;2,85
189324;2603;3,03
189325;2599;2,93
189326;2603;3,03
189327;2600;2,96
189328;2593;2,78
189329;2601;2,98
189330;2594;2,80
189331;2594;2,80
189332;2597;2,88
189333;2593;2,78
189334;2607;3,13
189335;2601;2,98
189336;2604;3,06
189337;2596;2,85
189338;2599;2,93
189339;2602;3,01
189340;2599;2,93
189341;2591;2,73
189342;2597;2,88
189343;2587;2,63
189344;2599;2,93
189345;2589;2,68
189346;2595;2,83
189347;2588;2,65
189348;2597;2,88
189349;2589;2,68
189350;2591;2,73
189351;2595;2,83
189352;2597;2,88
189353;2593;2,78
189354;2592;2,75
189355;2599;2,93
189356;2595;2,83
189357;2594;2,80
189358;2595;2,83
189359;2595;2,83
189360;2593;2,78
189361;2589;2,68
189362;2601;2,98
189363;2595;2,83
189364;2596;2,85
189365;2593;2,78
189366;2595;2,83
189367;2589;2,68
189368;2590;2,70
189369;2601;2,98
189370;2597;2,88
189371;2597;2,88
189372;2592;2,75
189373;2601;2,98
189374;2595;2,83
189375;2598;2,90
189376;2592;2,75
189377;2597;2,88
189378;2597;2,88
189379;2598;2,90
189380;2599;2,93
189381;2600;2,96
189382;2595;2,83
189383;2590;2,70
189384;2594;2,80
189385;2600;2,96
189386;2598;2,90
189387;2591;2,73
189388;2602;3,01
189389;2598;2,90
189390;2601;2,98
189391;2605;3,08
189392;2598;2,90
189393;2594;2,80
189394;2603;3,03
189395;2601;2,98
189396;2597;2,88
189397;2599;2,93
189398;2595;2,83
189399;2603;3,03
189400;2593;2,78
189401;2602;3,01
189402;2597;2,88
189403;2595;2,83
189404;2595;2,83
189405;2592;2,75
189406;2602;3,01
189407;2597;2,88
189408;2594;2,80
189409;2595;2,83
189410;2592;2,75
189411;2592;2,75
189412;2593;2,78
189413;2598;2,90
189414;2587;2,63
189415;2591;2,73
189416;2593;2,78
189417;2590;2,70
189418;2592;2,75
189419;2597;2,88
189420;2592;2,75
189421;2594;2,80
189422;2589;2,68
189423;2592;2,75
189424;2583;2,53
189425;2583;2,53
189426;2592;2,75
189427;2597;2,88
189428;2587;2,63
189429;2559;1,92
189430;2583;2,53
189431;2601;2,98
189432;2588;2,65
189433;2559;1,92
189434;2589;2,68
189435;2586;2,60
189436;2586;2,60
189437;2587;2,63
189438;2583;2,53
189439;2589;2,68
189440;2591;2,73
189441;2583;2,53
189442;2586;2,60
189443;2559;1,92
189444;2559;1,92
189445;2589;2,68
189446;2585;2,58
189447;2587;2,63
189448;2586;2,60
189449;2587;2,63
189450;2585;2,58
189451;2588;2,65
189452;2596;2,85
189453;2586;2,60
189454;2592;2,75
189455;2586;2,60
189456;2593;2,78
189457;2590;2,70
189458;2583;2,53
189459;2588;2,65
189460;2581;2,47
189461;2591;2,73
189462;2590;2,70
189463;2591;2,73
189464;2587;2,63
189465;2584;2,55
189466;2559;1,92
189467;2590;2,70
189468;2595;2,83
189469;2585;2,58
189470;2589;2,68
189471;2598;2,90
189472;2590;2,70
189473;2587;2,63
189474;2590;2,70
189475;2591;2,73
189476;2589;2,68
189477;2593;2,78
189478;2591;2,73
189479;2583;2,53
189480;2591;2,73
189481;2586;2,60
189482;2586;2,60
189483;2590;2,70
189484;2591;2,73
189485;2595;2,83
189486;2586;2,60
189487;2592;2,75
189488;2591;2,73
189489;2603;3,03
189490;2599;2,93
189491;2592;2,75
189492;2589;2,68
189493;2591;2,73
189494;2599;2,93
189495;2590;2,70
189496;2596;2,85
189497;2590;2,70
189498;2593;2,78
189499;2593;2,78
189500;2592;2,75
189501;2587;2,63
189502;2598;2,90
189503;2587;2,63
189504;2590;2,70
189505;2592;2,75
189506;2591;2,73
189507;2595;2,83
189508;2605;3,08
189509;2559;1,92
189510;2591;2,73
189511;2595;2,83
189512;2596;2,85
189513;2590;2,70
189514;2595;2,83
189515;2559;1,92
189516;2590;2,70
189517;2593;2,78
189518;2593;2,78
189519;2593;2,78
189520;2588;2,65
189521;2598;2,90
189522;2590;2,70
189523;2590;2,70
189524;2593;2,78
189525;2581;2,47
189526;2599;2,93
189527;2586;2,60
189528;2590;2,70
189529;2593;2,78
189530;2585;2,58
189531;2591;2,73
189532;2590;2,70
189533;2587;2,63
189534;2587;2,63
189535;2592;2,75
189536;2590;2,70
189537;2592;2,75
189538;2603;3,03
189539;2590;2,70
189540;2587;2,63
189541;2590;2,70
189542;2589;2,68
189543;2592;2,75
189544;2595;2,83
189545;2595;2,83
189546;2588;2,65
189547;2587;2,63
189548;2593;2,78
189549;2594;2,80
189550;2591;2,73
189551;2592;2,75
189552;2595;2,83
189553;2583;2,53
189554;2589;2,68
189555;2596;2,85
189556;2591;2,73
189557;2593;2,78
189558;2597;2,88
189559;2593;2,78
189560;2594;2,80
189561;2591;2,73
189562;2595;2,83
189563;2591;2,73
189564;2593;2,78
189565;2594;2,80
189566;2593;2,78
189567;2593;2,78
189568;2593;2,78
189569;2595;2,83
189570;2590;2,70
189571;2592;2,75
189572;2592;2,75
189573;2592;2,75
189574;2591;2,73
189575;2594;2,80
189576;2601;2,98
189577;2602;3,01
189578;2597;2,88
189579;2594;2,80
189580;2602;3,01
189581;2594;2,80
189582;2589;2,68
189583;2597;2,88
189584;2596;2,85
189585;2586;2,60
189586;2593;2,78
189587;2592;2,75
189588;2594;2,80
189589;2593;2,78
189590;2589;2,68
189591;2597;2,88
189592;2595;2,83
189593;2602;3,01
189594;2595;2,83
189595;2596;2,85
189596;2593;2,78
189597;2591;2,73
189598;2593;2,78
189599;2589;2,68
189600;2591;2,73
189601;2590;2,70
189602;2595;2,83
189603;2598;2,90
189604;2599;2,93
189605;2589;2,68
189606;2592;2,75
189607;2597;2,88
189608;2605;3,08
189609;2602;3,01
189610;2594;2,80
189611;2592;2,75
189612;2596;2,85
189613;2595;2,83
189614;2593;2,78
189615;2593;2,78
189616;2586;2,60
189617;2597;2,88
189618;2594;2,80
189619;2607;3,13
189620;2596;2,85
189621;2591;2,73
189622;2592;2,75
189623;2587;2,63
189624;2595;2,83
189625;2594;2,80
189626;2588;2,65
189627;2586;2,60
189628;2589;2,68
189629;2589;2,68
189630;2589;2,68
189631;2593;2,78
189632;2590;2,70
189633;2590;2,70
189634;2583;2,53
189635;2592;2,75
189636;2582;2,50
189637;2582;2,50
189638;2598;2,90
189639;2559;1,92
189640;2585;2,58
189641;2559;1,92
189642;2583;2,53
189643;2581;2,47
189644;2582;2,50
189645;2559;1,92
189646;2583;2,53
189647;2583;2,53
189648;2585;2,58
189649;2582;2,50
189650;2583;2,53
189651;2585;2,58
189652;2587;2,63
189653;2583;2,53
189654;2587;2,63
189655;2559;1,92
189656;2582;2,50
189657;2589;2,68
189658;2583;2,53
189659;2559;1,92
189660;2591;2,73
189661;2589;2,68
189662;2559;1,92
189663;2559;1,92
189664;2593;2,78
189665;2583;2,53
189666;2583;2,53
189667;2588;2,65
189668;2586;2,60
189669;2583;2,53
189670;2583;2,53
189671;2591;2,73
189672;2591;2,73
189673;2587;2,63
189674;2559;1,92
189675;2589;2,68
189676;2592;2,75
189677;2582;2,50
189678;2585;2,58
189679;2591;2,73
189680;2559;1,92
189681;2583;2,53
189682;2587;2,63
189683;2591;2,73
189684;2587;2,63
189685;2587;2,63
189686;2593;2,78
189687;2590;2,70
189688;2594;2,80
189689;2586;2,60
189690;2582;2,50
189691;2585;2,58
189692;2585;2,58
189693;2559;1,92
189694;2587;2,63
189695;2582;2,50
189696;2587;2,63
189697;2585;2,58
189698;2589;2,68
189699;2583;2,53
189700;2581;2,47
189701;2592;2,75
189702;2589;2,68
189703;2583;2,53
189704;2589;2,68
189705;2559;1,92
189706;2559;1,92
189707;2559;1,92
189708;2583;2,53
189709;2559;1,92
189710;2582;2,50
189711;2559;1,92
189712;2559;1,92
189713;2559;1,92
189714;2559;1,92
189715;2583;2,53
189716;2583;2,53
189717;2559;1,92
189718;2559;1,92
189719;2559;1,92
189720;2559;1,92
189721;2587;2,63
189722;2583;2,53
189723;2559;1,92
189724;2559;1,92
189725;2559;1,92
189726;2559;1,92
189727;2559;1,92
189728;2559;1,92
189729;2559;1,92
189730;2583;2,53
189731;2559;1,92
189732;2585;2,58
189733;2592;2,75
189734;2559;1,92
189735;2583;2,53
189736;2593;2,78
189737;2582;2,50
189738;2559;1,92
189739;2559;1,92
189740;2581;2,47
189741;2559;1,92
189742;2580;2,45
189743;2559;1,92
189744;2559;1,92
189745;2587;2,63
189746;2586;2,60
189747;2559;1,92
189748;2581;2,47
189749;2583;2,53
189750;2582;2,50
189751;2590;2,70
189752;2591;2,73
189753;2581;2,47
189754;2589;2,68
189755;2559;1,92
189756;2559;1,92
189757;2591;2,73
189758;2559;1,92
189759;2590;2,70
189760;2581;2,47
189761;2581;2,47
189762;2582;2,50
189763;2589;2,68
189764;2559;1,92
189765;2583;2,53
189766;2587;2,63
189767;2559;1,92
189768;2582;2,50
189769;2559;1,92
189770;2586;2,60
189771;2587;2,63
189772;2585;2,58
189773;2583;2,53
189774;2583;2,53
189775;2559;1,92
189776;2583;2,53
189777;2586;2,60
189778;2587;2,63
189779;2590;2,70
189780;2581;2,47
189781;2559;1,92
189782;2585;2,58
189783;2586;2,60
189784;2592;2,75
189785;2585;2,58
189786;2592;2,75
189787;2586;2,60
189788;2582;2,50
189789;2586;2,60
189790;2583;2,53
189791;2582;2,50
189792;2599;2,93
189793;2591;2,73
189794;2582;2,50
189795;2589;2,68
189796;2592;2,75
189797;2591;2,73
189798;2587;2,63
189799;2595;2,83
189800;2587;2,63
189801;2589;2,68
189802;2597;2,88
189803;2592;2,75
189804;2593;2,78
189805;2595;2,83
189806;2598;2,90
189807;2598;2,90
189808;2590;2,70
189809;2592;2,75
189810;2591;2,73
189811;2591;2,73
189812;2586;2,60
189813;2595;2,83
189814;2591;2,73
189815;2589;2,68
189816;2591;2,73
189817;2602;3,01
189818;2592;2,75
189819;2595;2,83
189820;2591;2,73
189821;2587;2,63
189822;2592;2,75
189823;2603;3,03
189824;2592;2,75
189825;2593;2,78
189826;2589;2,68
189827;2593;2,78
189828;2588;2,65
189829;2593;2,78
189830;2589;2,68
189831;2598;2,90
189832;2589;2,68
189833;2593;2,78
189834;2587;2,63
189835;2588;2,65
189836;2593;2,78
189837;2583;2,53
189838;2592;2,75
189839;2593;2,78
189840;2581;2,47
189841;2592;2,75
189842;2594;2,80
189843;2583;2,53
189844;2582;2,50
189845;2585;2,58
189846;2589;2,68
189847;2581;2,47
189848;2583;2,53
189849;2581;2,47
189850;2584;2,55
189851;2595;2,83
189852;2589;2,68
189853;2592;2,75
189854;2585;2,58
189855;2588;2,65
189856;2588;2,65
189857;2586;2,60
189858;2588;2,65
189859;2559;1,92
189860;2559;1,92
189861;2587;2,63
189862;2587;2,63
189863;2590;2,70
189864;2586;2,60
189865;2583;2,53
189866;2599;2,93
189867;2582;2,50
189868;2589;2,68
189869;2598;2,90
189870;2586;2,60
189871;2583;2,53
189872;2585;2,58
189873;2559;1,92
189874;2594;2,80
189875;2591;2,73
189876;2583;2,53
189877;2586;2,60
189878;2583;2,53
189879;2590;2,70
189880;2596;2,85
189881;2593;2,78
189882;2586;2,60
189883;2559;1,92
189884;2586;2,60
189885;2587;2,63
189886;2590;2,70
189887;2589;2,68
189888;2590;2,70
189889;2590;2,70
189890;2589;2,68
189891;2589;2,68
189892;2590;2,70
189893;2592;2,75
189894;2593;2,78
189895;2592;2,75
189896;2583;2,53
189897;2590;2,70
189898;2586;2,60
189899;2589;2,68
189900;2583;2,53
189901;2585;2,58
189902;2598;2,90
189903;2592;2,75
189904;2587;2,63
189905;2587;2,63
189906;2592;2,75
189907;2580;2,45
189908;2591;2,73
189909;2585;2,58
189910;2585;2,58
189911;2589;2,68
189912;2592;2,75
189913;2585;2,58
189914;2591;2,73
189915;2594;2,80
189916;2589;2,68
189917;2591;2,73
189918;2592;2,75
189919;2586;2,60
189920;2593;2,78
189921;2596;2,85
189922;2590;2,70
189923;2593;2,78
189924;2589;2,68
189925;2586;2,60
189926;2590;2,70
189927;2592;2,75
189928;2594;2,80
189929;2586;2,60
189930;2587;2,63
189931;2589;2,68
189932;2587;2,63
189933;2589;2,68
189934;2587;2,63
189935;2599;2,93
189936;2583;2,53
189937;2591;2,73
189938;2587;2,63
189939;2587;2,63
189940;2587;2,63
189941;2589;2,68
189942;2583;2,53
189943;2588;2,65
189944;2559;1,92
189945;2585;2,58
189946;2559;1,92
189947;2559;1,92
189948;2583;2,53
189949;2590;2,70
189950;2587;2,63
189951;2582;2,50
189952;2588;2,65
189953;2583;2,53
189954;2586;2,60
189955;2583;2,53
189956;2583;2,53
189957;2582;2,50
189958;2587;2,63
189959;2582;2,50
189960;2589;2,68
189961;2588;2,65
189962;2587;2,63
189963;2559;1,92
189964;2582;2,50
189965;2559;1,92
189966;2587;2,63
189967;2586;2,60
189968;2585;2,58
189969;2585;2,58
189970;2583;2,53
189971;2589;2,68
189972;2585;2,58
189973;2587;2,63
189974;2586;2,60
189975;2588;2,65
189976;2559;1,92
189977;2590;2,70
189978;2587;2,63
189979;2595;2,83
189980;2583;2,53
189981;2590;2,70
189982;2582;2,50
189983;2587;2,63
189984;2588;2,65
189985;2592;2,75
189986;2589;2,68
189987;2586;2,60
189988;2587;2,63
189989;2581;2,47
189990;2586;2,60
189991;2583;2,53
189992;2585;2,58
189993;2579;2,42
189994;2587;2,63
189995;2559;1,92
189996;2591;2,73
189997;2589;2,68
189998;2593;2,78
189999;2587;2,63
190000;2559;1,92
190001;2597;2,88
190002;2582;2,50
190003;2583;2,53
190004;2586;2,60
190005;2583;2,53
190006;2586;2,60
190007;2587;2,63
190008;2580;2,45
190009;2587;2,63
190010;2559;1,92
190011;2583;2,53
190012;2586;2,60
190013;2559;1,92
190014;2559;1,92
190015;2586;2,60
190016;2593;2,78
190017;2583;2,53
190018;2585;2,58
190019;2588;2,65
190020;2588;2,65
190021;2592;2,75
190022;2582;2,50
190023;2559;1,92
190024;2559;1,92
190025;2582;2,50
190026;2559;1,92
190027;2559;1,92
190028;2559;1,92
190029;2559;1,92
190030;2559;1,92
190031;2559;1,92
190032;2559;1,92
190033;2559;1,92
190034;2559;1,92
190035;2559;1,92
190036;2581;2,47
190037;2582;2,50
190038;2589;2,68
190039;2559;1,92
190040;2559;1,92
190041;2582;2,50
190042;2559;1,92
190043;2559;1,92
190044;2559;1,92
190045;2587;2,63
190046;2559;1,92
190047;2559;1,92
190048;2581;2,47
190049;2582;2,50
190050;2559;1,92
190051;2559;1,92
190052;2559;1,92
190053;2559;1,92
190054;2559;1,92
190055;2559;1,92
190056;2582;2,50
190057;2559;1,92
190058;2559;1,92
190059;2559;1,92
190060;2559;1,92
190061;2559;1,92
190062;2582;2,50
190063;2588;2,65
190064;2583;2,53
190065;2559;1,92
190066;2587;2,63
190067;2559;1,92
190068;2559;1,92
190069;2559;1,92
190070;2559;1,92
190071;2559;1,92
190072;2559;1,92
190073;2559;1,92
190074;2559;1,92
190075;2559;1,92
190076;2559;1,92
190077;2559;1,92
190078;2559;1,92
190079;2559;1,92
190080;2580;2,45
190081;2559;1,92
190082;2588;2,65
190083;2583;2,53
190084;2559;1,92
190085;2587;2,63
190086;2559;1,92
190087;2559;1,92
190088;2559;1,92
190089;2559;1,92
190090;2559;1,92
190091;2559;1,92
190092;2559;1,92
190093;2582;2,50
190094;2559;1,92
190095;2559;1,92
190096;2559;1,92
190097;2559;1,92
190098;2559;1,92
190099;2559;1,92
190100;2559;1,92
190101;2559;1,92
190102;2559;1,92
190103;2559;1,92
190104;2559;1,92
190105;2559;1,92
190106;2559;1,92
190107;2559;1,92
190108;2556;1,84
190109;2557;1,87
190110;2559;1,92
190111;2559;1,92
190112;2557;1,87
190113;2558;1,89
190114;2559;1,92
190115;2556;1,84
190116;2559;1,92
190117;2559;1,92
190118;2555;1,82
190119;2555;1,82
190120;2559;1,92
190121;2559;1,92
190122;2554;1,79
190123;2558;1,89
190124;2553;1,77
190125;2559;1,92
190126;2549;1,66
190127;2558;1,89
190128;2555;1,82
190129;2551;1,72
190130;2546;1,59
190131;2549;1,66
190132;2555;1,82
190133;2555;1,82
190134;2554;1,79
190135;2554;1,79
190136;2546;1,59
190137;2550;1,69
190138;2545;1,56
190139;2545;1,56
190140;2554;1,79
190141;2553;1,77
190142;2554;1,79
190143;2549;1,66
190144;2549;1,66
190145;2554;1,79
190146;2542;1,49
190147;2547;1,61
190148;2553;1,77
190149;2550;1,69
190150;2544;1,54
190151;2544;1,54
190152;2544;1,54
190153;2549;1,66
190154;2545;1,56
190155;2547;1,61
190156;2545;1,56
190157;2544;1,54
190158;2545;1,56
190159;2542;1,49
190160;2545;1,56
190161;2545;1,56
190162;2543;1,51
190163;2542;1,49
190164;2543;1,51
190165;2544;1,54
190166;2544;1,54
190167;2544;1,54
190168;2544;1,54
190169;2543;1,51
190170;2534;1,29
190171;2546;1,59
190172;2542;1,49
190173;2541;1,46
190174;2539;1,41
190175;2535;1,31
190176;2540;1,44
190177;2544;1,54
190178;2539;1,41
190179;2539;1,41
190180;2544;1,54
190181;2542;1,49
190182;2535;1,31
190183;2535;1,31
190184;2535;1,31
190185;2541;1,46
190186;2539;1,41
190187;2538;1,39
190188;2534;1,29
190189;2533;1,26
190190;2530;1,18
190191;2539;1,41
190192;2538;1,39
190193;2530;1,18
190194;2544;1,54
190195;2543;1,51
190196;2533;1,26
190197;2528;1,13
190198;2529;1,16
190199;2535;1,31
190200;2534;1,29
190201;2538;1,39
190202;2528;1,13
190203;2533;1,26
190204;2539;1,41
190205;2531;1,21
190206;2528;1,13
190207;2529;1,16
190208;2529;1,16
190209;2531;1,21
190210;2533;1,26
190211;2527;1,11
190212;2530;1,18
190213;2529;1,16
190214;2527;1,11
190215;2529;1,16
190216;2530;1,18
190217;2533;1,26
190218;2534;1,29
190219;2525;1,06
190220;2529;1,16
190221;2531;1,21
190222;2528;1,13
190223;2527;1,11
190224;2527;1,11
190225;2528;1,13
190226;2533;1,26
190227;2525;1,06
190228;2528;1,13
190229;2534;1,29
190230;2528;1,13
190231;2528;1,13
190232;2522;0,98
190233;2530;1,18
190234;2530;1,18
190235;2530;1,18
190236;2523;1,01
190237;2527;1,11
190238;2528;1,13
190239;2525;1,06
190240;2522;0,98
190241;2526;1,08
190242;2527;1,11
190243;2529;1,16
190244;2521;0,96
190245;2524;1,03
190246;2517;0,86
190247;2519;0,91
190248;2525;1,06
190249;2523;1,01
190250;2518;0,88
190251;2521;0,96
190252;2522;0,98
190253;2523;1,01
190254;2523;1,01
190255;2524;1,03
190256;2525;1,06
190257;2525;1,06
190258;2526;1,08
190259;2526;1,08
190260;2522;0,98
190261;2517;0,86
190262;2528;1,13
190263;2523;1,01
190264;2526;1,08
190265;2527;1,11
190266;2517;0,86
190267;2516;0,83
190268;2523;1,01
190269;2521;0,96
190270;2529;1,16
190271;2513;0,75
190272;2513;0,75
190273;2522;0,98
190274;2516;0,83
190275;2523;1,01
190276;2512;0,73
190277;2517;0,86
190278;2513;0,75
190279;2518;0,88
190280;2517;0,86
190281;2517;0,86
190282;2518;0,88
190283;2514;0,78
190284;2513;0,75
190285;2514;0,78
190286;2516;0,83
190287;2512;0,73
190288;2513;0,75
190289;2517;0,86
190290;2512;0,73
190291;2521;0,96
190292;2519;0,91
190293;2518;0,88
190294;2514;0,78
190295;2506;0,58
190296;2515;0,80
190297;2513;0,75
190298;2512;0,73
190299;2511;0,70
190300;2515;0,80
190301;2514;0,78
190302;2512;0,73
190303;2515;0,80
190304;2515;0,80
190305;2512;0,73
190306;2521;0,96
190307;2510;0,68
190308;2512;0,73
190309;2513;0,75
190310;2514;0,78
190311;2512;0,73
190312;2512;0,73
190313;2512;0,73
190314;2512;0,73
190315;2510;0,68
190316;2518;0,88
190317;2512;0,73
190318;2511;0,70
190319;2512;0,73
190320;2519;0,91
190321;2515;0,80
190322;2521;0,96
190323;2515;0,80
190324;2512;0,73
190325;2521;0,96
190326;2512;0,73
190327;2511;0,70
190328;2512;0,73
190329;2512;0,73
190330;2518;0,88
190331;2517;0,86
190332;2516;0,83
190333;2510;0,68
190334;2516;0,83
190335;2516;0,83
190336;2512;0,73
190337;2512;0,73
190338;2512;0,73
190339;2513;0,75
190340;2510;0,68
190341;2512;0,73
190342;2503;0,50
190343;2518;0,88
190344;2512;0,73
190345;2503;0,50
190346;2512;0,73
190347;2508;0,63
190348;2512;0,73
190349;2511;0,70
190350;2520;0,93
190351;2511;0,70
190352;2517;0,86
190353;2512;0,73
190354;2514;0,78
190355;2517;0,86
190356;2509;0,65
190357;2513;0,75
190358;2511;0,70
190359;2512;0,73
190360;2508;0,63
190361;2514;0,78
190362;2511;0,70
190363;2510;0,68
190364;2509;0,65
190365;2512;0,73
190366;2512;0,73
190367;2512;0,73
190368;2511;0,70
190369;2513;0,75
190370;2510;0,68
190371;2511;0,70
190372;2512;0,73
190373;2509;0,65
190374;2510;0,68
190375;2510;0,68
190376;2509;0,65
190377;2512;0,73
190378;2505;0,55
190379;2514;0,78
190380;2503;0,50
190381;2519;0,91
190382;2510;0,68
190383;2511;0,70
190384;2513;0,75
190385;2509;0,65
190386;2517;0,86
190387;2510;0,68
190388;2507;0,60
190389;2512;0,73
190390;2497;0,35
190391;2512;0,73
190392;2512;0,73
190393;2507;0,60
190394;2506;0,58
190395;2511;0,70
190396;2509;0,65
190397;2509;0,65
190398;2512;0,73
190399;2513;0,75
190400;2511;0,70
190401;2508;0,63
190402;2510;0,68
190403;2510;0,68
190404;2506;0,58
190405;2510;0,68
190406;2507;0,60
190407;2510;0,68
190408;2509;0,65
190409;2505;0,55
190410;2508;0,63
190411;2511;0,70
190412;2507;0,60
190413;2503;0,50
190414;2514;0,78
190415;2508;0,63
190416;2509;0,65
190417;2511;0,70
190418;2506;0,58
190419;2508;0,63
190420;2505;0,55
190421;2503;0,50
190422;2511;0,70
190423;2511;0,70
190424;2503;0,50
190425;2506;0,58
190426;2506;0,58
190427;2511;0,70
190428;2506;0,58
190429;2511;0,70
190430;2512;0,73
190431;2510;0,68
190432;2510;0,68
190433;2510;0,68
190434;2501;0,45
190435;2507;0,60
190436;2511;0,70
190437;2506;0,58
190438;2506;0,58
190439;2503;0,50
190440;2511;0,70
190441;2507;0,60
190442;2499;0,40
190443;2507;0,60
190444;2500;0,43
190445;2507;0,60
190446;2510;0,68
190447;2511;0,70
190448;2507;0,60
190449;2506;0,58
190450;2514;0,78
190451;2505;0,55
190452;2507;0,60
190453;2511;0,70
190454;2506;0,58
190455;2517;0,86
190456;2511;0,70
190457;2507;0,60
190458;2516;0,83
190459;2510;0,68
190460;2514;0,78
190461;2503;0,50
190462;2505;0,55
190463;2504;0,53
190464;2509;0,65
190465;2503;0,50
190466;2503;0,50
190467;2502;0,48
190468;2503;0,50
190469;2501;0,45
190470;2507;0,60
190471;2506;0,58
190472;2507;0,60
190473;2507;0,60
190474;2507;0,60
190475;2509;0,65
190476;2509;0,65
190477;2512;0,73
190478;2502;0,48
190479;2511;0,70
190480;2502;0,48
190481;2512;0,73
190482;2503;0,50
190483;2505;0,55
190484;2500;0,43
190485;2499;0,40
190486;2505;0,55
190487;2509;0,65
190488;2510;0,68
190489;2506;0,58
190490;2503;0,50
190491;2502;0,48
190492;2512;0,73
190493;2508;0,63
190494;2501;0,45
190495;2512;0,73
190496;2502;0,48
190497;2507;0,60
190498;2503;0,50
190499;2504;0,53
190500;2509;0,65
190501;2503;0,50
190502;2498;0,37
190503;2507;0,60
190504;2502;0,48
190505;2512;0,73
190506;2501;0,45
190507;2506;0,58
190508;2506;0,58
190509;2501;0,45
190510;2503;0,50
190511;2506;0,58
190512;2499;0,40
190513;2501;0,45
190514;2508;0,63
190515;2503;0,50
190516;2505;0,55
190517;2502;0,48
190518;2502;0,48
190519;2512;0,73
190520;2503;0,50
190521;2505;0,55
190522;2512;0,73
190523;2501;0,45
190524;2502;0,48
190525;2503;0,50
190526;2511;0,70
190527;2509;0,65
190528;2510;0,68
190529;2507;0,60
190530;2499;0,40
190531;2501;0,45
190532;2499;0,40
190533;2501;0,45
190534;2507;0,60
190535;2500;0,43
190536;2506;0,58
190537;2503;0,50
190538;2511;0,70
190539;2509;0,65
190540;2502;0,48
190541;2503;0,50
190542;2515;0,80
190543;2503;0,50
190544;2510;0,68
190545;2512;0,73
190546;2506;0,58
190547;2501;0,45
190548;2500;0,43
190549;2507;0,60
190550;2503;0,50
190551;2505;0,55
190552;2502;0,48
190553;2507;0,60
190554;2507;0,60
190555;2503;0,50
190556;2501;0,45
190557;2501;0,45
190558;2502;0,48
190559;2507;0,60
190560;2499;0,40
190561;2501;0,45
190562;2507;0,60
190563;2506;0,58
190564;2511;0,70
190565;2505;0,55
190566;2502;0,48
190567;2501;0,45
190568;2503;0,50
190569;2506;0,58
190570;2497;0,35
190571;2506;0,58
190572;2510;0,68
190573;2501;0,45
190574;2502;0,48
190575;2503;0,50
190576;2503;0,50
190577;2506;0,58
190578;2499;0,40
190579;2500;0,43
190580;2511;0,70
190581;2502;0,48
190582;2509;0,65
190583;2498;0,37
190584;2501;0,45
190585;2516;0,83
190586;2497;0,35
190587;2502;0,48
190588;2512;0,73
190589;2505;0,55
190590;2498;0,37
190591;2502;0,48
190592;2502;0,48
190593;2509;0,65
190594;2500;0,43
190595;2502;0,48
190596;2500;0,43
190597;2504;0,53
190598;2509;0,65
190599;2506;0,58
190600;2503;0,50
190601;2502;0,48
190602;2502;0,48
190603;2498;0,37
190604;2499;0,40
190605;2504;0,53
190606;2507;0,60
190607;2512;0,73
190608;2503;0,50
190609;2512;0,73
190610;2510;0,68
190611;2497;0,35
190612;2511;0,70
190613;2501;0,45
190614;2497;0,35
190615;2501;0,45
190616;2497;0,35
190617;2498;0,37
190618;2499;0,40
190619;2513;0,75
190620;2503;0,50
190621;2503;0,50
190622;2512;0,73
190623;2509;0,65
190624;2501;0,45
190625;2502;0,48
190626;2501;0,45
190627;2501;0,45
190628;2512;0,73
190629;2499;0,40
190630;2500;0,43
190631;2502;0,48
190632;2502;0,48
190633;2502;0,48
190634;2510;0,68
190635;2501;0,45
190636;2511;0,70
190637;2501;0,45
190638;2501;0,45
190639;2503;0,50
190640;2511;0,70
190641;2511;0,70
190642;2501;0,45
190643;2500;0,43
190644;2510;0,68
190645;2496;0,32
190646;2502;0,48
190647;2508;0,63
190648;2502;0,48
190649;2499;0,40
190650;2512;0,73
190651;2506;0,58
190652;2501;0,45
190653;2505;0,55
190654;2499;0,40
190655;2496;0,32
190656;2499;0,40
190657;2503;0,50
190658;2504;0,53
190659;2499;0,40
190660;2505;0,55
190661;2505;0,55
190662;2510;0,68
190663;2496;0,32
190664;2502;0,48
190665;2499;0,40
190666;2502;0,48
190667;2503;0,50
190668;2499;0,40
190669;2506;0,58
190670;2499;0,40
190671;2503;0,50
190672;2510;0,68
190673;2502;0,48
190674;2509;0,65
190675;2502;0,48
190676;2499;0,40
190677;2501;0,45
190678;2499;0,40
190679;2503;0,50
190680;2508;0,63
190681;2499;0,40
190682;2498;0,37
190683;2496;0,32
190684;2507;0,60
190685;2501;0,45
190686;2499;0,40
190687;2511;0,70
190688;2501;0,45
190689;2505;0,55
190690;2500;0,43
190691;2500;0,43
190692;2502;0,48
190693;2499;0,40
190694;2501;0,45
190695;2507;0,60
190696;2499;0,40
190697;2511;0,70
190698;2498;0,37
190699;2507;0,60
190700;2507;0,60
190701;2497;0,35
190702;2506;0,58
190703;2502;0,48
190704;2502;0,48
190705;2503;0,50
190706;2499;0,40
190707;2502;0,48
190708;2497;0,35
190709;2501;0,45
190710;2502;0,48
190711;2505;0,55
190712;2501;0,45
190713;2500;0,43
190714;2498;0,37
190715;2507;0,60
190716;2502;0,48
190717;2499;0,40
190718;2498;0,37
190719;2503;0,50
190720;2499;0,40
190721;2501;0,45
190722;2502;0,48
190723;2502;0,48
190724;2506;0,58
190725;2506;0,58
190726;2498;0,37
190727;2507;0,60
190728;2507;0,60
190729;2508;0,63
190730;2500;0,43
190731;2509;0,65
190732;2497;0,35
190733;2503;0,50
190734;2501;0,45
190735;2503;0,50
190736;2505;0,55
190737;2503;0,50
190738;2503;0,50
190739;2509;0,65
190740;2510;0,68
190741;2510;0,68
190742;2502;0,48
190743;2498;0,37
190744;2502;0,48
190745;2499;0,40
190746;2497;0,35
190747;2509;0,65
190748;2499;0,40
190749;2504;0,53
190750;2506;0,58
190751;2502;0,48
190752;2498;0,37
190753;2507;0,60
190754;2503;0,50
190755;2503;0,50
190756;2498;0,37
190757;2507;0,60
190758;2496;0,32
190759;2507;0,60
190760;2503;0,50
190761;2509;0,65
190762;2505;0,55
190763;2498;0,37
190764;2503;0,50
190765;2501;0,45
190766;2504;0,53
190767;2509;0,65
190768;2500;0,43
190769;2501;0,45
190770;2512;0,73
190771;2506;0,58
190772;2509;0,65
190773;2498;0,37
190774;2501;0,45
190775;2506;0,58
190776;2502;0,48
190777;2499;0,40
190778;2499;0,40
190779;2506;0,58
190780;2501;0,45
190781;2507;0,60
190782;2509;0,65
190783;2499;0,40
190784;2507;0,60
190785;2510;0,68
190786;2501;0,45
190787;2510;0,68
190788;2507;0,60
190789;2505;0,55
190790;2510;0,68
190791;2512;0,73
190792;2507;0,60
190793;2512;0,73
190794;2501;0,45
190795;2503;0,50
190796;2505;0,55
190797;2507;0,60
190798;2501;0,45
190799;2501;0,45
190800;2509;0,65
190801;2509;0,65
190802;2500;0,43
190803;2511;0,70
190804;2502;0,48
190805;2512;0,73
190806;2512;0,73
190807;2501;0,45
190808;2506;0,58
190809;2505;0,55
190810;2507;0,60
190811;2505;0,55
190812;2502;0,48
190813;2501;0,45
190814;2501;0,45
190815;2499;0,40
190816;2502;0,48
190817;2509;0,65
190818;2508;0,63
190819;2511;0,70
190820;2501;0,45
190821;2509;0,65
190822;2511;0,70
190823;2507;0,60
190824;2511;0,70
190825;2506;0,58
190826;2499;0,40
190827;2510;0,68
190828;2503;0,50
190829;2502;0,48
190830;2500;0,43
190831;2507;0,60
190832;2507;0,60
190833;2510;0,68
190834;2503;0,50
190835;2511;0,70
190836;2509;0,65
190837;2503;0,50
190838;2499;0,40
190839;2498;0,37
190840;2501;0,45
190841;2503;0,50
190842;2503;0,50
190843;2502;0,48
190844;2502;0,48
190845;2507;0,60
190846;2507;0,60
190847;2506;0,58
190848;2507;0,60
190849;2512;0,73
190850;2508;0,63
190851;2509;0,65
190852;2500;0,43
190853;2496;0,32
190854;2506;0,58
190855;2503;0,50
190856;2512;0,73
190857;2503;0,50
190858;2503;0,50
190859;2509;0,65
190860;2503;0,50
190861;2512;0,73
190862;2498;0,37
190863;2501;0,45
190864;2505;0,55
190865;2507;0,60
190866;2506;0,58
190867;2510;0,68
190868;2500;0,43
190869;2512;0,73
190870;2503;0,50
190871;2507;0,60
190872;2505;0,55
190873;2499;0,40
190874;2503;0,50
190875;2512;0,73
190876;2506;0,58
190877;2503;0,50
190878;2497;0,35
190879;2500;0,43
190880;2513;0,75
190881;2506;0,58
190882;2510;0,68
190883;2507;0,60
190884;2497;0,35
190885;2512;0,73
190886;2506;0,58
190887;2509;0,65
190888;2503;0,50
190889;2505;0,55
190890;2506;0,58
190891;2503;0,50
190892;2503;0,50
190893;2509;0,65
190894;2502;0,48
190895;2498;0,37
190896;2502;0,48
190897;2506;0,58
190898;2503;0,50
190899;2502;0,48
190900;2507;0,60
190901;2506;0,58
190902;2503;0,50
190903;2508;0,63
190904;2506;0,58
190905;2501;0,45
190906;2512;0,73
190907;2509;0,65
190908;2507;0,60
190909;2507;0,60
190910;2509;0,65
190911;2505;0,55
190912;2503;0,50
190913;2512;0,73
190914;2503;0,50
190915;2505;0,55
190916;2503;0,50
190917;2498;0,37
190918;2501;0,45
190919;2497;0,35
190920;2507;0,60
190921;2503;0,50
190922;2503;0,50
190923;2503;0,50
190924;2499;0,40
190925;2501;0,45
190926;2503;0,50
190927;2505;0,55
190928;2497;0,35
190929;2511;0,70
190930;2507;0,60
190931;2501;0,45
190932;2499;0,40
190933;2503;0,50
190934;2503;0,50
190935;2503;0,50
190936;2501;0,45
190937;2510;0,68
190938;2502;0,48
190939;2512;0,73
190940;2507;0,60
190941;2512;0,73
190942;2501;0,45
190943;2505;0,55
190944;2506;0,58
190945;2501;0,45
190946;2509;0,65
190947;2503;0,50
190948;2496;0,32
190949;2512;0,73
190950;2502;0,48
190951;2506;0,58
190952;2512;0,73
190953;2503;0,50
190954;2512;0,73
190955;2509;0,65
190956;2512;0,73
190957;2505;0,55
190958;2513;0,75
190959;2508;0,63
190960;2512;0,73
190961;2510;0,68
190962;2501;0,45
190963;2509;0,65
190964;2512;0,73
190965;2506;0,58
190966;2505;0,55
190967;2507;0,60
190968;2499;0,40
190969;2509;0,65
190970;2506;0,58
190971;2503;0,50
190972;2507;0,60
190973;2502;0,48
190974;2501;0,45
190975;2502;0,48
190976;2499;0,40
190977;2505;0,55
190978;2506;0,58
190979;2511;0,70
190980;2507;0,60
190981;2507;0,60
190982;2505;0,55
190983;2510;0,68
190984;2511;0,70
190985;2512;0,73
190986;2505;0,55
190987;2501;0,45
190988;2501;0,45
190989;2507;0,60
190990;2510;0,68
190991;2508;0,63
190992;2512;0,73
190993;2507;0,60
190994;2506;0,58
190995;2506;0,58
190996;2497;0,35
190997;2503;0,50
190998;2510;0,68
190999;2507;0,60
191000;2510;0,68
191001;2498;0,37
191002;2508;0,63
191003;2509;0,65
191004;2510;0,68
191005;2502;0,48
191006;2511;0,70
191007;2503;0,50
191008;2505;0,55
191009;2500;0,43
191010;2505;0,55
191011;2497;0,35
191012;2510;0,68
191013;2503;0,50
191014;2511;0,70
191015;2499;0,40
191016;2508;0,63
191017;2510;0,68
191018;2498;0,37
191019;2506;0,58
191020;2502;0,48
191021;2500;0,43
191022;2502;0,48
191023;2507;0,60
191024;2508;0,63
191025;2502;0,48
191026;2505;0,55
191027;2509;0,65
191028;2501;0,45
191029;2510;0,68
191030;2507;0,60
191031;2501;0,45
191032;2507;0,60
191033;2505;0,55
191034;2501;0,45
191035;2511;0,70
191036;2503;0,50
191037;2500;0,43
191038;2501;0,45
191039;2508;0,63
191040;2505;0,55
191041;2512;0,73
191042;2507;0,60
191043;2501;0,45
191044;2501;0,45
191045;2503;0,50
191046;2503;0,50
191047;2503;0,50
191048;2501;0,45
191049;2501;0,45
191050;2502;0,48
191051;2506;0,58
191052;2496;0,32
191053;2503;0,50
191054;2502;0,48
191055;2499;0,40
191056;2500;0,43
191057;2507;0,60
191058;2502;0,48
191059;2509;0,65
191060;2509;0,65
191061;2503;0,50
191062;2507;0,60
191063;2499;0,40
191064;2503;0,50
191065;2508;0,63
191066;2503;0,50
191067;2502;0,48
191068;2502;0,48
191069;2505;0,55
191070;2506;0,58
191071;2501;0,45
191072;2505;0,55
191073;2506;0,58
191074;2500;0,43
191075;2499;0,40
191076;2505;0,55
191077;2511;0,70
191078;2505;0,55
191079;2507;0,60
191080;2501;0,45
191081;2501;0,45
191082;2503;0,50
191083;2499;0,40
191084;2496;0,32
191085;2507;0,60
191086;2498;0,37
191087;2496;0,32
191088;2499;0,40
191089;2500;0,43
191090;2501;0,45
191091;2497;0,35
191092;2495;0,30
191093;2509;0,65
191094;2498;0,37
191095;2499;0,40
191096;2497;0,35
191097;2499;0,40
191098;2500;0,43
191099;2501;0,45
191100;2507;0,60
191101;2502;0,48
191102;2498;0,37
191103;2498;0,37
191104;2499;0,40
191105;2505;0,55
191106;2506;0,58
191107;2505;0,55
191108;2503;0,50
191109;2507;0,60
191110;2496;0,32
191111;2499;0,40
191112;2497;0,35
191113;2497;0,35
191114;2496;0,32
191115;2496;0,32
191116;2501;0,45
191117;2503;0,50
191118;2497;0,35
191119;2505;0,55
191120;2498;0,37
191121;2496;0,32
191122;2499;0,40
191123;2503;0,50
191124;2503;0,50
191125;2500;0,43
191126;2501;0,45
191127;2495;0,30
191128;2503;0,50
191129;2497;0,35
191130;2501;0,45
191131;2497;0,35
191132;2496;0,32
191133;2498;0,37
191134;2499;0,40
191135;2501;0,45
191136;2498;0,37
191137;2511;0,70
191138;2499;0,40
191139;2500;0,43
191140;2499;0,40
191141;2501;0,45
191142;2510;0,68
191143;2495;0,30
191144;2505;0,55
191145;2505;0,55
191146;2497;0,35
191147;2503;0,50
191148;2506;0,58
191149;2503;0,50
191150;2501;0,45
191151;2499;0,40
191152;2502;0,48
191153;2510;0,68
191154;2496;0,32
191155;2498;0,37
191156;2494;0,27
191157;2509;0,65
191158;2503;0,50
191159;2496;0,32
191160;2509;0,65
191161;2499;0,40
191162;2499;0,40
191163;2502;0,48
191164;2501;0,45
191165;2502;0,48
191166;2505;0,55
191167;2499;0,40
191168;2502;0,48
191169;2501;0,45
191170;2503;0,50
191171;2501;0,45
191172;2497;0,35
191173;2499;0,40
191174;2507;0,60
191175;2495;0,30
191176;2501;0,45
191177;2498;0,37
191178;2505;0,55
191179;2507;0,60
191180;2507;0,60
191181;2500;0,43
191182;2502;0,48
191183;2501;0,45
191184;2506;0,58
191185;2499;0,40
191186;2497;0,35
191187;2502;0,48
191188;2499;0,40
191189;2505;0,55
191190;2501;0,45
191191;2501;0,45
191192;2509;0,65
191193;2509;0,65
191194;2500;0,43
191195;2507;0,60
191196;2501;0,45
191197;2502;0,48
191198;2499;0,40
191199;2505;0,55
191200;2503;0,50
191201;2499;0,40
191202;2502;0,48
191203;2498;0,37
191204;2502;0,48
191205;2500;0,43
191206;2505;0,55
191207;2507;0,60
191208;2503;0,50
191209;2497;0,35
191210;2501;0,45
191211;2512;0,73
191212;2510;0,68
191213;2503;0,50
191214;2498;0,37
191215;2507;0,60
191216;2503;0,50
191217;2507;0,60
191218;2501;0,45
191219;2507;0,60
191220;2512;0,73
191221;2506;0,58
191222;2503;0,50
191223;2512;0,73
191224;2509;0,65
191225;2507;0,60
191226;2505;0,55
191227;2510;0,68
191228;2507;0,60
191229;2499;0,40
191230;2508;0,63
191231;2512;0,73
191232;2499;0,40
191233;2508;0,63
191234;2505;0,55
191235;2507;0,60
191236;2502;0,48
191237;2508;0,63
191238;2502;0,48
191239;2499;0,40
191240;2511;0,70
191241;2508;0,63
191242;2507;0,60
191243;2499;0,40
191244;2500;0,43
191245;2497;0,35
191246;2503;0,50
191247;2502;0,48
191248;2511;0,70
191249;2500;0,43
191250;2503;0,50
191251;2499;0,40
191252;2507;0,60
191253;2502;0,48
191254;2501;0,45
191255;2503;0,50
191256;2497;0,35
191257;2509;0,65
191258;2498;0,37
191259;2499;0,40
191260;2499;0,40
191261;2502;0,48
191262;2502;0,48
191263;2501;0,45
191264;2500;0,43
191265;2503;0,50
191266;2507;0,60
191267;2502;0,48
191268;2506;0,58
191269;2506;0,58
191270;2510;0,68
191271;2506;0,58
191272;2501;0,45
191273;2501;0,45
191274;2505;0,55
191275;2505;0,55
191276;2507;0,60
191277;2507;0,60
191278;2500;0,43
191279;2503;0,50
191280;2502;0,48
191281;2503;0,50
191282;2502;0,48
191283;2503;0,50
191284;2501;0,45
191285;2502;0,48
191286;2496;0,32
191287;2505;0,55
191288;2497;0,35
191289;2511;0,70
191290;2502;0,48
191291;2503;0,50
191292;2496;0,32
191293;2512;0,73
191294;2503;0,50
191295;2503;0,50
191296;2509;0,65
191297;2500;0,43
191298;2506;0,58
191299;2511;0,70
191300;2506;0,58
191301;2505;0,55
191302;2503;0,50
191303;2506;0,58
191304;2506;0,58
191305;2502;0,48
191306;2511;0,70
191307;2503;0,50
191308;2505;0,55
191309;2507;0,60
191310;2509;0,65
191311;2506;0,58
191312;2502;0,48
191313;2499;0,40
191314;2498;0,37
191315;2501;0,45
191316;2499;0,40
191317;2502;0,48
191318;2509;0,65
191319;2505;0,55
191320;2503;0,50
191321;2496;0,32
191322;2510;0,68
191323;2503;0,50
191324;2503;0,50
191325;2509;0,65
191326;2502;0,48
191327;2503;0,50
191328;2511;0,70
191329;2507;0,60
191330;2507;0,60
191331;2502;0,48
191332;2499;0,40
191333;2509;0,65
191334;2498;0,37
191335;2505;0,55
191336;2502;0,48
191337;2507;0,60
191338;2501;0,45
191339;2510;0,68
191340;2503;0,50
191341;2509;0,65
191342;2503;0,50
191343;2511;0,70
191344;2501;0,45
191345;2507;0,60
191346;2505;0,55
191347;2507;0,60
191348;2509;0,65
191349;2501;0,45
191350;2498;0,37
191351;2506;0,58
191352;2507;0,60
191353;2503;0,50
191354;2496;0,32
191355;2502;0,48
191356;2512;0,73
191357;2507;0,60
191358;2499;0,40
191359;2512;0,73
191360;2507;0,60
191361;2505;0,55
191362;2505;0,55
191363;2503;0,50
191364;2506;0,58
191365;2501;0,45
191366;2510;0,68
191367;2508;0,63
191368;2501;0,45
191369;2513;0,75
191370;2499;0,40
191371;2509;0,65
191372;2517;0,86
191373;2503;0,50
191374;2503;0,50
191375;2505;0,55
191376;2507;0,60
191377;2501;0,45
191378;2503;0,50
191379;2502;0,48
191380;2509;0,65
191381;2505;0,55
191382;2507;0,60
191383;2501;0,45
191384;2503;0,50
191385;2499;0,40
191386;2507;0,60
191387;2505;0,55
191388;2501;0,45
191389;2512;0,73
191390;2499;0,40
191391;2507;0,60
191392;2507;0,60
191393;2497;0,35
191394;2503;0,50
191395;2505;0,55
191396;2501;0,45
191397;2503;0,50
191398;2512;0,73
191399;2512;0,73
191400;2505;0,55
191401;2507;0,60
191402;2510;0,68
191403;2502;0,48
191404;2506;0,58
191405;2501;0,45
191406;2501;0,45
191407;2501;0,45
191408;2507;0,60
191409;2505;0,55
191410;2507;0,60
191411;2507;0,60
191412;2505;0,55
191413;2509;0,65
191414;2508;0,63
191415;2502;0,48
191416;2498;0,37
191417;2506;0,58
191418;2512;0,73
191419;2503;0,50
191420;2507;0,60
191421;2507;0,60
191422;2497;0,35
191423;2500;0,43
191424;2499;0,40
191425;2506;0,58
191426;2512;0,73
191427;2507;0,60
191428;2505;0,55
191429;2507;0,60
191430;2501;0,45
191431;2498;0,37
191432;2512;0,73
191433;2502;0,48
191434;2506;0,58
191435;2501;0,45
191436;2511;0,70
191437;2507;0,60
191438;2506;0,58
191439;2509;0,65
191440;2501;0,45
191441;2499;0,40
191442;2504;0,53
191443;2511;0,70
191444;2505;0,55
191445;2501;0,45
191446;2506;0,58
191447;2506;0,58
191448;2503;0,50
191449;2506;0,58
191450;2501;0,45
191451;2502;0,48
191452;2507;0,60
191453;2496;0,32
191454;2512;0,73
191455;2507;0,60
191456;2508;0,63
191457;2506;0,58
191458;2498;0,37
191459;2502;0,48
191460;2505;0,55
191461;2498;0,37
191462;2509;0,65
191463;2507;0,60
191464;2505;0,55
191465;2499;0,40
191466;2507;0,60
191467;2503;0,50
191468;2506;0,58
191469;2502;0,48
191470;2506;0,58
191471;2503;0,50
191472;2506;0,58
191473;2505;0,55
191474;2501;0,45
191475;2511;0,70
191476;2506;0,58
191477;2503;0,50
191478;2506;0,58
191479;2505;0,55
191480;2509;0,65
191481;2500;0,43
191482;2502;0,48
191483;2498;0,37
191484;2506;0,58
191485;2503;0,50
191486;2502;0,48
191487;2501;0,45
191488;2508;0,63
191489;2505;0,55
191490;2512;0,73
191491;2503;0,50
191492;2501;0,45
191493;2505;0,55
191494;2507;0,60
191495;2501;0,45
191496;2505;0,55
191497;2502;0,48
191498;2505;0,55
191499;2502;0,48
191500;2501;0,45
191501;2501;0,45
191502;2511;0,70
191503;2503;0,50
191504;2501;0,45
191505;2503;0,50
191506;2502;0,48
191507;2506;0,58
191508;2507;0,60
191509;2496;0,32
191510;2503;0,50
191511;2502;0,48
191512;2503;0,50
191513;2512;0,73
191514;2502;0,48
191515;2498;0,37
191516;2509;0,65
191517;2503;0,50
191518;2505;0,55
191519;2497;0,35
191520;2503;0,50
191521;2499;0,40
191522;2507;0,60
191523;2503;0,50
191524;2502;0,48
191525;2495;0,30
191526;2498;0,37
191527;2509;0,65
191528;2501;0,45
191529;2506;0,58
191530;2501;0,45
191531;2497;0,35
191532;2510;0,68
191533;2498;0,37
191534;2506;0,58
191535;2512;0,73
191536;2506;0,58
191537;2501;0,45
191538;2505;0,55
191539;2500;0,43
191540;2504;0,53
191541;2506;0,58
191542;2501;0,45
191543;2503;0,50
191544;2496;0,32
191545;2503;0,50
191546;2498;0,37
191547;2498;0,37
191548;2509;0,65
191549;2502;0,48
191550;2499;0,40
191551;2496;0,32
191552;2506;0,58
191553;2498;0,37
191554;2499;0,40
191555;2502;0,48
191556;2499;0,40
191557;2505;0,55
191558;2497;0,35
191559;2507;0,60
191560;2508;0,63
191561;2499;0,40
191562;2499;0,40
191563;2503;0,50
191564;2501;0,45
191565;2503;0,50
191566;2511;0,70
191567;2502;0,48
191568;2509;0,65
191569;2497;0,35
191570;2502;0,48
191571;2506;0,58
191572;2507;0,60
191573;2505;0,55
191574;2502;0,48
191575;2503;0,50
191576;2500;0,43
191577;2505;0,55
191578;2501;0,45
191579;2501;0,45
191580;2506;0,58
191581;2503;0,50
191582;2512;0,73
191583;2509;0,65
191584;2505;0,55
191585;2506;0,58
191586;2501;0,45
191587;2506;0,58
191588;2503;0,50
191589;2506;0,58
191590;2501;0,45
191591;2503;0,50
191592;2500;0,43
191593;2504;0,53
191594;2502;0,48
191595;2502;0,48
191596;2502;0,48
191597;2506;0,58
191598;2508;0,63
191599;2502;0,48
191600;2502;0,48
191601;2503;0,50
191602;2506;0,58
191603;2502;0,48
191604;2497;0,35
191605;2502;0,48
191606;2498;0,37
191607;2501;0,45
191608;2501;0,45
191609;2499;0,40
191610;2499;0,40
191611;2506;0,58
191612;2503;0,50
191613;2506;0,58
191614;2500;0,43
191615;2505;0,55
191616;2503;0,50
191617;2497;0,35
191618;2502;0,48
191619;2506;0,58
191620;2503;0,50
191621;2511;0,70
191622;2507;0,60
191623;2511;0,70
191624;2503;0,50
191625;2502;0,48
191626;2510;0,68
191627;2501;0,45
191628;2501;0,45
191629;2503;0,50
191630;2512;0,73
191631;2505;0,55
191632;2503;0,50
191633;2500;0,43
191634;2507;0,60
191635;2500;0,43
191636;2503;0,50
191637;2503;0,50
191638;2499;0,40
191639;2507;0,60
191640;2505;0,55
191641;2509;0,65
191642;2494;0,27
191643;2506;0,58
191644;2502;0,48
191645;2507;0,60
191646;2501;0,45
191647;2506;0,58
191648;2506;0,58
191649;2504;0,53
191650;2510;0,68
191651;2503;0,50
191652;2507;0,60
191653;2502;0,48
191654;2509;0,65
191655;2507;0,60
191656;2505;0,55
191657;2506;0,58
191658;2512;0,73
191659;2506;0,58
191660;2503;0,50
191661;2507;0,60
191662;2505;0,55
191663;2503;0,50
191664;2509;0,65
191665;2503;0,50
191666;2501;0,45
191667;2512;0,73
191668;2505;0,55
191669;2509;0,65
191670;2506;0,58
191671;2511;0,70
191672;2505;0,55
191673;2503;0,50
191674;2501;0,45
191675;2501;0,45
191676;2506;0,58
191677;2513;0,75
191678;2505;0,55
191679;2509;0,65
191680;2506;0,58
191681;2501;0,45
191682;2505;0,55
191683;2502;0,48
191684;2501;0,45
191685;2498;0,37
191686;2506;0,58
191687;2512;0,73
191688;2509;0,65
191689;2506;0,58
191690;2512;0,73
191691;2502;0,48
191692;2508;0,63
191693;2508;0,63
191694;2511;0,70
191695;2511;0,70
191696;2512;0,73
191697;2509;0,65
191698;2511;0,70
191699;2503;0,50
191700;2512;0,73
191701;2509;0,65
191702;2507;0,60
191703;2503;0,50
191704;2507;0,60
191705;2510;0,68
191706;2506;0,58
191707;2506;0,58
191708;2509;0,65
191709;2506;0,58
191710;2511;0,70
191711;2510;0,68
191712;2511;0,70
191713;2508;0,63
191714;2509;0,65
191715;2511;0,70
191716;2507;0,60
191717;2502;0,48
191718;2503;0,50
191719;2512;0,73
191720;2512;0,73
191721;2503;0,50
191722;2499;0,40
191723;2505;0,55
191724;2509;0,65
191725;2506;0,58
191726;2512;0,73
191727;2511;0,70
191728;2507;0,60
191729;2511;0,70
191730;2506;0,58
191731;2505;0,55
191732;2508;0,63
191733;2505;0,55
191734;2511;0,70
191735;2505;0,55
191736;2506;0,58
191737;2508;0,63
191738;2503;0,50
191739;2507;0,60
191740;2509;0,65
191741;2507;0,60
191742;2499;0,40
191743;2514;0,78
191744;2507;0,60
191745;2507;0,60
191746;2503;0,50
191747;2511;0,70
191748;2507;0,60
191749;2507;0,60
191750;2510;0,68
191751;2506;0,58
191752;2509;0,65
191753;2507;0,60
191754;2503;0,50
191755;2501;0,45
191756;2498;0,37
191757;2506;0,58
191758;2511;0,70
191759;2502;0,48
191760;2506;0,58
191761;2500;0,43
191762;2508;0,63
191763;2503;0,50
191764;2507;0,60
191765;2501;0,45
191766;2507;0,60
191767;2507;0,60
191768;2503;0,50
191769;2510;0,68
191770;2507;0,60
191771;2497;0,35
191772;2505;0,55
191773;2499;0,40
191774;2506;0,58
191775;2510;0,68
191776;2500;0,43
191777;2507;0,60
191778;2501;0,45
191779;2499;0,40
191780;2507;0,60
191781;2503;0,50
191782;2508;0,63
191783;2506;0,58
191784;2506;0,58
191785;2505;0,55
191786;2510;0,68
191787;2503;0,50
191788;2503;0,50
191789;2508;0,63
191790;2506;0,58
191791;2499;0,40
191792;2511;0,70
191793;2511;0,70
191794;2510;0,68
191795;2499;0,40
191796;2509;0,65
191797;2510;0,68
191798;2507;0,60
191799;2507;0,60
191800;2502;0,48
191801;2515;0,80
191802;2510;0,68
191803;2511;0,70
191804;2510;0,68
191805;2505;0,55
191806;2507;0,60
191807;2505;0,55
191808;2505;0,55
191809;2505;0,55
191810;2501;0,45
191811;2505;0,55
191812;2503;0,50
191813;2501;0,45
191814;2499;0,40
191815;2499;0,40
191816;2509;0,65
191817;2508;0,63
191818;2509;0,65
191819;2506;0,58
191820;2506;0,58
191821;2502;0,48
191822;2503;0,50
191823;2498;0,37
191824;2507;0,60
191825;2508;0,63
191826;2505;0,55
191827;2507;0,60
191828;2507;0,60
191829;2507;0,60
191830;2510;0,68
191831;2510;0,68
191832;2507;0,60
191833;2507;0,60
191834;2505;0,55
191835;2511;0,70
191836;2502;0,48
191837;2502;0,48
191838;2499;0,40
191839;2507;0,60
191840;2506;0,58
191841;2509;0,65
191842;2507;0,60
191843;2512;0,73
191844;2512;0,73
191845;2507;0,60
191846;2512;0,73
191847;2511;0,70
191848;2513;0,75
191849;2505;0,55
191850;2502;0,48
191851;2505;0,55
191852;2512;0,73
191853;2505;0,55
191854;2509;0,65
191855;2512;0,73
191856;2506;0,58
191857;2501;0,45
191858;2510;0,68
191859;2508;0,63
191860;2512;0,73
191861;2503;0,50
191862;2502;0,48
191863;2511;0,70
191864;2512;0,73
191865;2513;0,75
191866;2510;0,68
191867;2506;0,58
191868;2505;0,55
191869;2512;0,73
191870;2502;0,48
191871;2511;0,70
191872;2511;0,70
191873;2503;0,50
191874;2510;0,68
191875;2507;0,60
191876;2507;0,60
191877;2508;0,63
191878;2507;0,60
191879;2507;0,60
191880;2505;0,55
191881;2498;0,37
191882;2501;0,45
191883;2503;0,50
191884;2507;0,60
191885;2512;0,73
191886;2503;0,50
191887;2505;0,55
191888;2507;0,60
191889;2510;0,68
191890;2510;0,68
191891;2501;0,45
191892;2505;0,55
191893;2501;0,45
191894;2511;0,70
191895;2505;0,55
191896;2512;0,73
191897;2510;0,68
191898;2501;0,45
191899;2509;0,65
191900;2506;0,58
191901;2509;0,65
191902;2507;0,60
191903;2500;0,43
191904;2500;0,43
191905;2507;0,60
191906;2507;0,60
191907;2505;0,55
191908;2510;0,68
191909;2510;0,68
191910;2510;0,68
191911;2506;0,58
191912;2505;0,55
191913;2500;0,43
191914;2509;0,65
191915;2509;0,65
191916;2507;0,60
191917;2503;0,50
191918;2509;0,65
191919;2507;0,60
191920;2503;0,50
191921;2507;0,60
191922;2509;0,65
191923;2499;0,40
191924;2507;0,60
191925;2510;0,68
191926;2503;0,50
191927;2512;0,73
191928;2506;0,58
191929;2512;0,73
191930;2510;0,68
191931;2511;0,70
191932;2500;0,43
191933;2507;0,60
191934;2515;0,80
191935;2512;0,73
191936;2512;0,73
191937;2515;0,80
191938;2512;0,73
191939;2506;0,58
191940;2505;0,55
191941;2515;0,80
191942;2508;0,63
191943;2511;0,70
191944;2508;0,63
191945;2510;0,68
191946;2507;0,60
191947;2507;0,60
191948;2508;0,63
191949;2507;0,60
191950;2518;0,88
191951;2510;0,68
191952;2506;0,58
191953;2512;0,73
191954;2501;0,45
191955;2509;0,65
191956;2503;0,50
191957;2503;0,50
191958;2501;0,45
191959;2505;0,55
191960;2512;0,73
191961;2509;0,65
191962;2509;0,65
191963;2505;0,55
191964;2512;0,73
191965;2512;0,73
191966;2512;0,73
191967;2507;0,60
191968;2512;0,73
191969;2508;0,63
191970;2506;0,58
191971;2512;0,73
191972;2505;0,55
191973;2507;0,60
191974;2509;0,65
191975;2508;0,63
191976;2510;0,68
191977;2509;0,65
191978;2508;0,63
191979;2512;0,73
191980;2507;0,60
191981;2509;0,65
191982;2510;0,68
191983;2506;0,58
191984;2509;0,65
191985;2507;0,60
191986;2506;0,58
191987;2514;0,78
191988;2505;0,55
191989;2512;0,73
191990;2511;0,70
191991;2509;0,65
191992;2510;0,68
191993;2515;0,80
191994;2512;0,73
191995;2501;0,45
191996;2511;0,70
191997;2517;0,86
191998;2509;0,65
191999;2507;0,60
192000;2515;0,80
192001;2510;0,68
192002;2510;0,68
192003;2512;0,73
192004;2508;0,63
192005;2510;0,68
192006;2507;0,60
192007;2513;0,75
192008;2510;0,68
192009;2509;0,65
192010;2512;0,73
192011;2512;0,73
192012;2512;0,73
192013;2511;0,70
192014;2510;0,68
192015;2512;0,73
192016;2509;0,65
192017;2505;0,55
192018;2509;0,65
192019;2512;0,73
192020;2503;0,50
192021;2501;0,45
192022;2512;0,73
192023;2506;0,58
192024;2503;0,50
192025;2508;0,63
192026;2505;0,55
192027;2510;0,68
192028;2507;0,60
192029;2512;0,73
192030;2514;0,78
192031;2503;0,50
192032;2509;0,65
192033;2507;0,60
192034;2507;0,60
192035;2512;0,73
192036;2507;0,60
192037;2515;0,80
192038;2509;0,65
192039;2505;0,55
192040;2511;0,70
192041;2511;0,70
192042;2505;0,55
192043;2507;0,60
192044;2513;0,75
192045;2510;0,68
192046;2513;0,75
192047;2516;0,83
192048;2506;0,58
192049;2514;0,78
192050;2511;0,70
192051;2511;0,70
192052;2514;0,78
192053;2509;0,65
192054;2512;0,73
192055;2518;0,88
192056;2508;0,63
192057;2507;0,60
192058;2512;0,73
192059;2509;0,65
192060;2511;0,70
192061;2507;0,60
192062;2512;0,73
192063;2510;0,68
192064;2512;0,73
192065;2511;0,70
192066;2507;0,60
192067;2512;0,73
192068;2511;0,70
192069;2507;0,60
192070;2507;0,60
192071;2512;0,73
192072;2507;0,60
192073;2512;0,73
192074;2509;0,65
192075;2511;0,70
192076;2507;0,60
192077;2507;0,60
192078;2509;0,65
192079;2503;0,50
192080;2510;0,68
192081;2508;0,63
192082;2505;0,55
192083;2512;0,73
192084;2509;0,65
192085;2510;0,68
192086;2514;0,78
192087;2507;0,60
192088;2510;0,68
192089;2507;0,60
192090;2512;0,73
192091;2512;0,73
192092;2507;0,60
192093;2511;0,70
192094;2499;0,40
192095;2503;0,50
192096;2511;0,70
192097;2503;0,50
192098;2507;0,60
192099;2509;0,65
192100;2514;0,78
192101;2507;0,60
192102;2510;0,68
192103;2506;0,58
192104;2506;0,58
192105;2509;0,65
192106;2505;0,55
192107;2507;0,60
192108;2506;0,58
192109;2509;0,65
192110;2507;0,60
192111;2507;0,60
192112;2507;0,60
192113;2501;0,45
192114;2507;0,60
192115;2509;0,65
192116;2508;0,63
192117;2505;0,55
192118;2500;0,43
192119;2511;0,70
192120;2509;0,65
192121;2511;0,70
192122;2503;0,50
192123;2503;0,50
192124;2505;0,55
192125;2512;0,73
192126;2502;0,48
192127;2512;0,73
192128;2512;0,73
192129;2503;0,50
192130;2507;0,60
192131;2503;0,50
192132;2512;0,73
192133;2507;0,60
192134;2511;0,70
192135;2510;0,68
192136;2511;0,70
192137;2503;0,50
192138;2501;0,45
192139;2505;0,55
192140;2505;0,55
192141;2503;0,50
192142;2503;0,50
192143;2508;0,63
192144;2507;0,60
192145;2507;0,60
192146;2509;0,65
192147;2500;0,43
192148;2511;0,70
192149;2503;0,50
192150;2517;0,86
192151;2507;0,60
192152;2512;0,73
192153;2506;0,58
192154;2503;0,50
192155;2502;0,48
192156;2510;0,68
192157;2503;0,50
192158;2509;0,65
192159;2506;0,58
192160;2499;0,40
192161;2511;0,70
192162;2506;0,58
192163;2507;0,60
192164;2503;0,50
192165;2512;0,73
192166;2505;0,55
192167;2509;0,65
192168;2507;0,60
192169;2506;0,58
192170;2511;0,70
192171;2510;0,68
192172;2503;0,50
192173;2512;0,73
192174;2505;0,55
192175;2509;0,65
192176;2511;0,70
192177;2502;0,48
192178;2511;0,70
192179;2505;0,55
192180;2507;0,60
192181;2506;0,58
192182;2505;0,55
192183;2507;0,60
192184;2510;0,68
192185;2512;0,73
192186;2502;0,48
192187;2512;0,73
192188;2505;0,55
192189;2503;0,50
192190;2503;0,50
192191;2503;0,50
192192;2506;0,58
192193;2509;0,65
192194;2506;0,58
192195;2507;0,60
192196;2507;0,60
192197;2511;0,70
192198;2509;0,65
192199;2503;0,50
192200;2512;0,73
192201;2509;0,65
192202;2512;0,73
192203;2502;0,48
192204;2506;0,58
192205;2514;0,78
192206;2510;0,68
192207;2502;0,48
192208;2510;0,68
192209;2509;0,65
192210;2511;0,70
192211;2504;0,53
192212;2505;0,55
192213;2505;0,55
192214;2512;0,73
192215;2507;0,60
192216;2510;0,68
192217;2505;0,55
192218;2503;0,50
192219;2511;0,70
192220;2500;0,43
192221;2512;0,73
192222;2509;0,65
192223;2507;0,60
192224;2498;0,37
192225;2511;0,70
192226;2505;0,55
192227;2512;0,73
192228;2511;0,70
192229;2512;0,73
192230;2507;0,60
192231;2510;0,68
192232;2509;0,65
192233;2507;0,60
192234;2512;0,73
192235;2502;0,48
192236;2507;0,60
192237;2501;0,45
192238;2512;0,73
192239;2508;0,63
192240;2511;0,70
192241;2506;0,58
192242;2507;0,60
192243;2508;0,63
192244;2508;0,63
192245;2507;0,60
192246;2508;0,63
192247;2512;0,73
192248;2507;0,60
192249;2511;0,70
192250;2507;0,60
192251;2503;0,50
192252;2507;0,60
192253;2507;0,60
192254;2507;0,60
192255;2505;0,55
192256;2512;0,73
192257;2506;0,58
192258;2502;0,48
192259;2509;0,65
192260;2505;0,55
192261;2501;0,45
192262;2510;0,68
192263;2512;0,73
192264;2502;0,48
192265;2506;0,58
192266;2503;0,50
192267;2509;0,65
192268;2505;0,55
192269;2511;0,70
192270;2510;0,68
192271;2505;0,55
192272;2508;0,63
192273;2508;0,63
192274;2510;0,68
192275;2507;0,60
192276;2508;0,63
192277;2505;0,55
192278;2512;0,73
192279;2509;0,65
192280;2507;0,60
192281;2512;0,73
192282;2503;0,50
192283;2509;0,65
192284;2507;0,60
192285;2501;0,45
192286;2513;0,75
192287;2501;0,45
192288;2507;0,60
192289;2511;0,70
192290;2513;0,75
192291;2507;0,60
192292;2510;0,68
192293;2507;0,60
192294;2507;0,60
192295;2509;0,65
192296;2506;0,58
192297;2505;0,55
192298;2512;0,73
192299;2513;0,75
192300;2507;0,60
192301;2509;0,65
192302;2507;0,60
192303;2503;0,50
192304;2510;0,68
192305;2510;0,68
192306;2510;0,68
192307;2507;0,60
192308;2511;0,70
192309;2505;0,55
192310;2507;0,60
192311;2510;0,68
192312;2512;0,73
192313;2501;0,45
192314;2507;0,60
192315;2512;0,73
192316;2512;0,73
192317;2502;0,48
192318;2506;0,58
192319;2511;0,70
192320;2509;0,65
192321;2508;0,63
192322;2505;0,55
192323;2512;0,73
192324;2511;0,70
192325;2506;0,58
192326;2509;0,65
192327;2502;0,48
192328;2509;0,65
192329;2508;0,63
192330;2506;0,58
192331;2505;0,55
192332;2499;0,40
192333;2506;0,58
192334;2501;0,45
192335;2512;0,73
192336;2502;0,48
192337;2501;0,45
192338;2508;0,63
192339;2512;0,73
192340;2504;0,53
192341;2509;0,65
192342;2507;0,60
192343;2507;0,60
192344;2506;0,58
192345;2507;0,60
192346;2505;0,55
192347;2512;0,73
192348;2512;0,73
192349;2507;0,60
192350;2506;0,58
192351;2507;0,60
192352;2505;0,55
192353;2502;0,48
192354;2507;0,60
192355;2508;0,63
192356;2510;0,68
192357;2506;0,58
192358;2503;0,50
192359;2511;0,70
192360;2509;0,65
192361;2512;0,73
192362;2502;0,48
192363;2505;0,55
192364;2507;0,60
192365;2504;0,53
192366;2505;0,55
192367;2510;0,68
192368;2506;0,58
192369;2507;0,60
192370;2511;0,70
192371;2510;0,68
192372;2510;0,68
192373;2510;0,68
192374;2509;0,65
192375;2512;0,73
192376;2511;0,70
192377;2507;0,60
192378;2511;0,70
192379;2512;0,73
192380;2511;0,70
192381;2511;0,70
192382;2509;0,65
192383;2509;0,65
192384;2511;0,70
192385;2508;0,63
192386;2507;0,60
192387;2512;0,73
192388;2512;0,73
192389;2510;0,68
192390;2512;0,73
192391;2507;0,60
192392;2512;0,73
192393;2515;0,80
192394;2510;0,68
192395;2505;0,55
192396;2512;0,73
192397;2507;0,60
192398;2507;0,60
192399;2508;0,63
192400;2515;0,80
192401;2517;0,86
192402;2512;0,73
192403;2511;0,70
192404;2513;0,75
192405;2515;0,80
192406;2512;0,73
192407;2505;0,55
192408;2511;0,70
192409;2515;0,80
192410;2515;0,80
192411;2508;0,63
192412;2511;0,70
192413;2512;0,73
192414;2506;0,58
192415;2516;0,83
192416;2511;0,70
192417;2511;0,70
192418;2509;0,65
192419;2512;0,73
192420;2507;0,60
192421;2516;0,83
192422;2513;0,75
192423;2511;0,70
192424;2512;0,73
192425;2511;0,70
192426;2512;0,73
192427;2514;0,78
192428;2512;0,73
192429;2512;0,73
192430;2515;0,80
192431;2513;0,75
192432;2509;0,65
192433;2509;0,65
192434;2512;0,73
192435;2506;0,58
192436;2510;0,68
192437;2508;0,63
192438;2512;0,73
192439;2512;0,73
192440;2512;0,73
192441;2510;0,68
192442;2507;0,60
192443;2511;0,70
192444;2511;0,70
192445;2511;0,70
192446;2511;0,70
192447;2508;0,63
192448;2512;0,73
192449;2515;0,80
192450;2510;0,68
192451;2507;0,60
192452;2509;0,65
192453;2511;0,70
192454;2512;0,73
192455;2512;0,73
192456;2512;0,73
192457;2511;0,70
192458;2506;0,58
192459;2512;0,73
192460;2511;0,70
192461;2510;0,68
192462;2509;0,65
192463;2512;0,73
192464;2508;0,63
192465;2511;0,70
192466;2510;0,68
192467;2505;0,55
192468;2512;0,73
192469;2512;0,73
192470;2514;0,78
192471;2512;0,73
192472;2514;0,78
192473;2513;0,75
192474;2512;0,73
192475;2515;0,80
192476;2511;0,70
192477;2514;0,78
192478;2513;0,75
192479;2510;0,68
192480;2514;0,78
192481;2512;0,73
192482;2513;0,75
192483;2510;0,68
192484;2511;0,70
192485;2512;0,73
192486;2511;0,70
192487;2512;0,73
192488;2507;0,60
192489;2516;0,83
192490;2507;0,60
192491;2513;0,75
192492;2513;0,75
192493;2512;0,73
192494;2515;0,80
192495;2511;0,70
192496;2510;0,68
192497;2518;0,88
192498;2510;0,68
192499;2507;0,60
192500;2512;0,73
192501;2507;0,60
192502;2512;0,73
192503;2515;0,80
192504;2509;0,65
192505;2512;0,73
192506;2517;0,86
192507;2508;0,63
192508;2512;0,73
192509;2509;0,65
192510;2515;0,80
192511;2511;0,70
192512;2512;0,73
192513;2516;0,83
192514;2512;0,73
192515;2512;0,73
192516;2510;0,68
